風景印ID,郵便局ID,郵便局名,市町村,地域,表示住所,原住所,現在住所,郵便番号,状態,風景印廃止,履歴表示,郵便局状態,郵便局状態日,風景印終了日,緯度,経度,位置の基準,位置精度,概算位置,位置注記,日本郵便紹介URL,画像URL,確認日
12523,office-0001,若栗郵便局,高萩市,県北,茨城県高萩市若栗137-4,茨城県高萩市若栗137-4,,318-0102,2026-10-02 風景印廃止,true,true,closed,2026-10-03,2026-10-02,36.77273142,140.63148528,historical-office-location,gsi-named-office-point,false,国土地理院の施設名検索で確認した旧局所在地,https://www.post.japanpost.jp/enjoy/culture/stamp/fuke/detail.php?id=12523,assets/stamps/12523.png,2026-10-05
4112,office-0002,大洗祝町郵便局,大洗町,県央,茨城県東茨城郡大洗町磯浜町８０９３−４,茨城県東茨城郡大洗町磯浜町8093-4,茨城県東茨城郡大洗町磯浜町８０９３−４,311-1301,現行,false,false,listed-in-official-directory,,,36.3306411,140.5891,current-office-location,official-office-point,false,日本郵便の店舗地図に掲載された位置,https://www.post.japanpost.jp/enjoy/culture/stamp/fuke/detail.php?id=4112,assets/stamps/4112.jpg,2026-10-05
12453,office-0003,水海道豊岡郵便局,常総市,県西,茨城県常総市豊岡町丙1517-2,茨城県常総市豊岡町丙1517-2,,303-0041,2026-02-20 風景印廃止,true,true,closed,2026-02-21,2026-02-20,36.03391728,139.96995303,historical-office-location,gsi-named-office-point,false,国土地理院の施設名検索で確認した旧局所在地,https://www.post.japanpost.jp/enjoy/culture/stamp/fuke/detail.php?id=12453,assets/stamps/12453.png,2026-10-05
4094,office-0004,水戸千波郵便局,水戸市,県央,茨城県水戸市千波町２１４−１,茨城県水戸市千波町214-1,茨城県水戸市千波町２１４−１,310-0851,現行,false,false,listed-in-official-directory,,,36.3618294,140.4605119,current-office-location,official-office-point,false,日本郵便の店舗地図に掲載された位置,https://www.post.japanpost.jp/enjoy/culture/stamp/fuke/detail.php?id=4094,assets/stamps/4094.jpg,2026-10-05
12261,office-0005,上君田簡易郵便局,高萩市,県北,茨城県高萩市上君田１０２７,茨城県高萩市大字上君田1027,茨城県高萩市上君田１０２７,318-0105,現行,false,false,listed-in-official-directory,,,36.8028786,140.5773747,current-office-location,official-office-point,false,日本郵便の店舗地図に掲載された位置,https://www.post.japanpost.jp/enjoy/culture/stamp/fuke/detail.php?id=12261,assets/stamps/12261.png,2026-10-05
12257,office-0006,河間郵便局,筑西市,県西,茨城県筑西市羽方３−３,茨城県筑西市羽方3-3,茨城県筑西市羽方３−３,308-0014,現行,false,false,listed-in-official-directory,,,36.3512489,139.9958714,current-office-location,official-office-point,false,日本郵便の店舗地図に掲載された位置,https://www.post.japanpost.jp/enjoy/culture/stamp/fuke/detail.php?id=12257,assets/stamps/12257.png,2026-10-05
4218,office-0007,高萩東本町郵便局,高萩市,県北,茨城県高萩市東本町２−２６,茨城県高萩市東本町2-26,茨城県高萩市東本町２−２６,318-0014,現行,false,false,listed-in-official-directory,,,36.7140131,140.718505,current-office-location,official-office-point,false,日本郵便の店舗地図に掲載された位置,https://www.post.japanpost.jp/enjoy/culture/stamp/fuke/detail.php?id=4218,assets/stamps/4218.png,2026-10-05
4170,office-0008,嘉田生崎郵便局,筑西市,県西,茨城県筑西市西石田１３４１−２,茨城県筑西市西石田1341-2,茨城県筑西市西石田１３４１−２,308-0834,現行,false,false,listed-in-official-directory,,,36.2752114,139.9858489,current-office-location,official-office-point,false,日本郵便の店舗地図に掲載された位置,https://www.post.japanpost.jp/enjoy/culture/stamp/fuke/detail.php?id=4170,assets/stamps/4170.png,2026-10-05
1950,office-0009,下吉影郵便局,小美玉市,県央,茨城県小美玉市下吉影１４５５,茨城県小美玉市下吉影1455,茨城県小美玉市下吉影１４５５,311-3406,2024-08-30 風景印廃止,true,true,listed-in-official-directory,,2024-08-30,36.2014372,140.4386814,current-office-location,official-office-point,false,日本郵便の店舗地図に掲載された位置,https://www.post.japanpost.jp/enjoy/culture/stamp/fuke/detail.php?id=1950,assets/stamps/1950.png,2026-10-05
1926,office-0010,町屋郵便局,常陸太田市,県北,茨城県常陸太田市町屋町１２３６−１,茨城県常陸太田市町屋町1236-1,茨城県常陸太田市町屋町１２３６−１,311-0399,現行,false,false,listed-in-official-directory,,,36.605725,140.53938,current-office-location,official-office-point,false,日本郵便の店舗地図に掲載された位置,https://www.post.japanpost.jp/enjoy/culture/stamp/fuke/detail.php?id=1926,assets/stamps/1926.png,2026-10-05
1925,office-0010,町屋郵便局,常陸太田市,県北,茨城県常陸太田市町屋町１２３６−１,茨城県常陸太田市町屋町1236-1,茨城県常陸太田市町屋町１２３６−１,311-0399,2024-06-28 風景印廃止,true,true,listed-in-official-directory,,2024-06-28,36.605725,140.53938,current-office-location,official-office-point,false,日本郵便の店舗地図に掲載された位置,https://www.post.japanpost.jp/enjoy/culture/stamp/fuke/detail.php?id=1925,assets/stamps/1925.png,2026-10-05
1334,office-0011,あずま伊崎郵便局,稲敷市,県南,茨城県稲敷市伊佐部１８３０−１０,茨城県稲敷市伊佐部1830-10,茨城県稲敷市伊佐部１８３０−１０,300-0603,現行,false,false,listed-in-official-directory,,,35.9386461,140.4104358,current-office-location,official-office-point,false,日本郵便の店舗地図に掲載された位置,https://www.post.japanpost.jp/enjoy/culture/stamp/fuke/detail.php?id=1334,assets/stamps/1334.png,2026-10-05
1377,office-0012,大増郵便局,石岡市,県南,茨城県石岡市大増1883-1,茨城県石岡市大増1883-1,,315-0101,2021-03-15 風景印廃止,true,true,closed,2021-03-16,2021-03-15,36.309231,140.175171,historical-office-location,gsi-parcel-point,true,旧所在地を住所から補完した概算位置です,https://www.post.japanpost.jp/enjoy/culture/stamp/fuke/detail.php?id=1377,assets/stamps/1377.jpg,2026-10-05
1313,office-0013,高浜郵便局,石岡市,県南,茨城県石岡市高浜８１１,茨城県石岡市高浜811,茨城県石岡市高浜８１１,315-0045,現行,false,false,listed-in-official-directory,,,36.1628081,140.3028311,current-office-location,official-office-point,false,日本郵便の店舗地図に掲載された位置,https://www.post.japanpost.jp/enjoy/culture/stamp/fuke/detail.php?id=1313,assets/stamps/1313.jpg,2026-10-05
1166,office-0014,友部旭町郵便局,笠間市,県央,茨城県笠間市旭町９１−２,茨城県笠間市旭町91-2,茨城県笠間市旭町９１−２,309-1717,2020-02-28 風景印廃止,true,true,listed-in-official-directory,,2020-02-28,36.3237258,140.3185989,current-office-location,official-office-point,false,日本郵便の店舗地図に掲載された位置,https://www.post.japanpost.jp/enjoy/culture/stamp/fuke/detail.php?id=1166,assets/stamps/1166.jpg,2026-10-05
1165,office-0015,岩間郵便局,笠間市,県央,茨城県笠間市下郷４４３８,茨城県笠間市下郷4438,茨城県笠間市下郷４４３８,319-0299,2020-02-28 風景印廃止,true,true,listed-in-official-directory,,2020-02-28,36.2935517,140.2748458,current-office-location,official-office-point,false,日本郵便の店舗地図に掲載された位置,https://www.post.japanpost.jp/enjoy/culture/stamp/fuke/detail.php?id=1165,assets/stamps/1165.jpg,2026-10-05
913,office-0016,阿見青宿郵便局,阿見町,県南,茨城県稲敷郡阿見町青宿６６９−１０,茨城県稲敷郡阿見町青宿669-10,茨城県稲敷郡阿見町青宿６６９−１０,300-0301,現行,false,false,listed-in-official-directory,,,36.0452308,140.2204936,current-office-location,official-office-point,false,日本郵便の店舗地図に掲載された位置,https://www.post.japanpost.jp/enjoy/culture/stamp/fuke/detail.php?id=913,assets/stamps/913.jpg,2026-10-05
863,office-0017,下妻郵便局,下妻市,県西,茨城県下妻市下妻乙１１６７−１,茨城県下妻市下妻乙1167-1,茨城県下妻市下妻乙１１６７−１,304-8799,2017-10-31 風景印廃止,true,true,listed-in-official-directory,,2017-10-31,36.1809158,139.9662519,current-office-location,official-office-point,false,日本郵便の店舗地図に掲載された位置,https://www.post.japanpost.jp/enjoy/culture/stamp/fuke/detail.php?id=863,assets/stamps/863.jpg,2026-10-05
537,office-0018,水戸駅前郵便局,水戸市,県央,茨城県水戸市宮町2-3-12,茨城県水戸市宮町2-3-12,,310-0015,2014-02-28 風景印廃止,true,true,closed,2014-03-01,2014-02-28,36.371914,140.473923,historical-office-location,gsi-address-point,true,旧所在地を住所から補完した概算位置です,https://www.post.japanpost.jp/enjoy/culture/stamp/fuke/detail.php?id=537,assets/stamps/537.jpg,2026-10-05
880,office-0019,神栖知手郵便局,神栖市,鹿行,茨城県神栖市知手中央３−５−３２,茨城県神栖市知手中央3-5-32,茨城県神栖市知手中央３−５−３２,314-0112,2018-02-28 風景印廃止,true,true,listed-in-official-directory,,2018-02-28,35.8805322,140.7094383,current-office-location,official-office-point,false,日本郵便の店舗地図に掲載された位置,https://www.post.japanpost.jp/enjoy/culture/stamp/fuke/detail.php?id=880,assets/stamps/880.jpg,2026-10-05
864,office-0017,下妻郵便局,下妻市,県西,茨城県下妻市下妻乙１１６７−１,茨城県下妻市下妻乙1167-1,茨城県下妻市下妻乙１１６７−１,304-8799,現行,false,false,listed-in-official-directory,,,36.1809158,139.9662519,current-office-location,official-office-point,false,日本郵便の店舗地図に掲載された位置,https://www.post.japanpost.jp/enjoy/culture/stamp/fuke/detail.php?id=864,assets/stamps/864.jpg,2026-10-05
4095,office-0020,水戸市役所前郵便局,水戸市,県央,茨城県水戸市中央２−６−７,茨城県水戸市中央2-6-7,茨城県水戸市中央２−６−７,310-0805,現行,false,false,listed-in-official-directory,,,36.3669786,140.4705783,current-office-location,official-office-point,false,日本郵便の店舗地図に掲載された位置,https://www.post.japanpost.jp/enjoy/culture/stamp/fuke/detail.php?id=4095,assets/stamps/4095.jpg,2026-10-05
591,office-0020,水戸市役所前郵便局,水戸市,県央,茨城県水戸市中央２−６−７,茨城県水戸市中央2-6-7,茨城県水戸市中央２−６−７,310-0805,現行,false,false,listed-in-official-directory,,,36.3669786,140.4705783,current-office-location,official-office-point,false,日本郵便の店舗地図に掲載された位置,https://www.post.japanpost.jp/enjoy/culture/stamp/fuke/detail.php?id=591,assets/stamps/591.jpg,2026-10-05
590,office-0020,水戸市役所前郵便局,水戸市,県央,茨城県水戸市中央２−６−７,茨城県水戸市中央2-6-7,茨城県水戸市中央２−６−７,310-0805,2014-06-30 風景印廃止,true,true,listed-in-official-directory,,2014-06-30,36.3669786,140.4705783,current-office-location,official-office-point,false,日本郵便の店舗地図に掲載された位置,https://www.post.japanpost.jp/enjoy/culture/stamp/fuke/detail.php?id=590,assets/stamps/590.jpg,2026-10-05
527,office-0021,羽鳥郵便局,小美玉市,県央,茨城県小美玉市羽鳥２５８８−３,茨城県小美玉市羽鳥2588-3,茨城県小美玉市羽鳥２５８８−３,319-0199,2014-01-17 風景印廃止,true,true,listed-in-official-directory,,2014-01-17,36.2470961,140.2854247,current-office-location,official-office-point,false,日本郵便の店舗地図に掲載された位置,https://www.post.japanpost.jp/enjoy/culture/stamp/fuke/detail.php?id=527,assets/stamps/527.jpg,2026-10-05
4946,office-0022,那珂郵便局,那珂市,県央,茨城県那珂市菅谷１６７−７,茨城県那珂市菅谷167-7,茨城県那珂市菅谷１６７−７,311-0199,現行,false,false,listed-in-official-directory,,,36.4590922,140.4895578,current-office-location,official-office-point,false,日本郵便の店舗地図に掲載された位置,https://www.post.japanpost.jp/enjoy/culture/stamp/fuke/detail.php?id=4946,assets/stamps/4946.jpg,2026-10-05
341,office-0023,結城白銀郵便局,結城市,県西,茨城県結城市結城７２５３−１,茨城県結城市結城7253-1,茨城県結城市結城７２５３−１,307-0001,現行,false,false,listed-in-official-directory,,,36.2961889,139.8758408,current-office-location,official-office-point,false,日本郵便の店舗地図に掲載された位置,https://www.post.japanpost.jp/enjoy/culture/stamp/fuke/detail.php?id=341,assets/stamps/341.jpg,2026-10-05
262,office-0024,水戸元吉田郵便局,水戸市,県央,茨城県水戸市元吉田町１５９０−４,茨城県水戸市元吉田町1590-4,茨城県水戸市元吉田町１５９０−４,310-0836,現行,false,false,listed-in-official-directory,,,36.3496725,140.4791472,current-office-location,official-office-point,false,日本郵便の店舗地図に掲載された位置,https://www.post.japanpost.jp/enjoy/culture/stamp/fuke/detail.php?id=262,assets/stamps/262.jpg,2026-10-05
4156,office-0025,八郷郵便局,石岡市,県南,茨城県石岡市柿岡２０２６,茨城県石岡市柿岡2026,茨城県石岡市柿岡２０２６,315-0116,現行,false,false,listed-in-official-directory,,,36.2405031,140.1960197,current-office-location,official-office-point,false,日本郵便の店舗地図に掲載された位置,https://www.post.japanpost.jp/enjoy/culture/stamp/fuke/detail.php?id=4156,assets/stamps/4156.jpg,2026-10-05
67,office-0026,石塚郵便局,城里町,県央,茨城県東茨城郡城里町石塚２２１２−３,茨城県東茨城郡城里町石塚2212-3,茨城県東茨城郡城里町石塚２２１２−３,311-4399,現行,false,false,listed-in-official-directory,,,36.4758844,140.3838278,current-office-location,official-office-point,false,日本郵便の店舗地図に掲載された位置,https://www.post.japanpost.jp/enjoy/culture/stamp/fuke/detail.php?id=67,assets/stamps/67.gif,2026-10-05
66,office-0027,塩子郵便局,城里町,県央,茨城県東茨城郡城里町塩子３４２１−１,茨城県東茨城郡城里町塩子3421-1,茨城県東茨城郡城里町塩子３４２１−１,311-4401,現行,false,false,listed-in-official-directory,,,36.4875389,140.28759,current-office-location,official-office-point,false,日本郵便の店舗地図に掲載された位置,https://www.post.japanpost.jp/enjoy/culture/stamp/fuke/detail.php?id=66,assets/stamps/66.gif,2026-10-05
46,office-0028,林郵便局,石岡市,県南,茨城県石岡市下林８３４−１２,茨城県新治郡八郷町下林834-12,茨城県石岡市下林８３４−１２,315-0131,現行,false,false,listed-in-official-directory,,,36.2308242,140.2186678,current-office-location,official-office-point,false,日本郵便の店舗地図に掲載された位置,https://www.post.japanpost.jp/enjoy/culture/stamp/fuke/detail.php?id=46,assets/stamps/46.jpg,2026-10-05
62,office-0029,大賀郵便局,常陸大宮市,県北,茨城県常陸大宮市岩崎３３２−２,茨城県那珂郡大宮町岩崎313,茨城県常陸大宮市岩崎３３２−２,319-2211,現行,false,false,listed-in-official-directory,,,36.5927706,140.4116008,current-office-location,official-office-point,false,現在の郵便局の位置。風景印カタログの記載住所とは異なります,https://www.post.japanpost.jp/enjoy/culture/stamp/fuke/detail.php?id=62,assets/stamps/62.jpg,2026-10-05
4135,office-0030,湊本町郵便局,ひたちなか市,県央,茨城県ひたちなか市湊本町９−１,茨城県ひたちなか市湊本町9-1,茨城県ひたちなか市湊本町９−１,311-1221,現行,false,false,listed-in-official-directory,,,36.3410789,140.5926864,current-office-location,official-office-point,false,日本郵便の店舗地図に掲載された位置,https://www.post.japanpost.jp/enjoy/culture/stamp/fuke/detail.php?id=4135,assets/stamps/4135.jpg,2026-10-05
4102,office-0031,茨城大学前郵便局,水戸市,県央,茨城県水戸市袴塚３−９−６,茨城県水戸市袴塚3-9-6,茨城県水戸市袴塚３−９−６,310-0055,現行,false,false,listed-in-official-directory,,,36.3990442,140.4420044,current-office-location,official-office-point,false,日本郵便の店舗地図に掲載された位置,https://www.post.japanpost.jp/enjoy/culture/stamp/fuke/detail.php?id=4102,assets/stamps/4102.jpg,2026-10-05
4110,office-0032,常澄郵便局,水戸市,県央,茨城県水戸市東前２−５,茨城県水戸市東前2-5,茨城県水戸市東前２−５,311-1136,現行,false,false,listed-in-official-directory,,,36.3399908,140.5314272,current-office-location,official-office-point,false,日本郵便の店舗地図に掲載された位置,https://www.post.japanpost.jp/enjoy/culture/stamp/fuke/detail.php?id=4110,assets/stamps/4110.jpg,2026-10-05
4113,office-0033,飯富郵便局,水戸市,県央,茨城県水戸市飯富町１２３２,茨城県水戸市飯富町1232,茨城県水戸市飯富町１２３２,311-4206,現行,false,false,listed-in-official-directory,,,36.4292061,140.4154094,current-office-location,official-office-point,false,日本郵便の店舗地図に掲載された位置,https://www.post.japanpost.jp/enjoy/culture/stamp/fuke/detail.php?id=4113,assets/stamps/4113.jpg,2026-10-05
4118,office-0034,水戸東赤塚郵便局,水戸市,県央,茨城県水戸市赤塚１−２０４９,茨城県水戸市赤塚1-2049,茨城県水戸市赤塚１−２０４９,311-4141,現行,false,false,listed-in-official-directory,,,36.3862194,140.4205428,current-office-location,official-office-point,false,日本郵便の店舗地図に掲載された位置,https://www.post.japanpost.jp/enjoy/culture/stamp/fuke/detail.php?id=4118,assets/stamps/4118.jpg,2026-10-05
4119,office-0035,水戸双葉台郵便局,水戸市,県央,茨城県水戸市双葉台４−３−１１,茨城県水戸市双葉台4-3-11,茨城県水戸市双葉台４−３−１１,311-4145,現行,false,false,listed-in-official-directory,,,36.3937983,140.3971381,current-office-location,official-office-point,false,日本郵便の店舗地図に掲載された位置,https://www.post.japanpost.jp/enjoy/culture/stamp/fuke/detail.php?id=4119,assets/stamps/4119.jpg,2026-10-05
4120,office-0036,水戸河和田郵便局,水戸市,県央,茨城県水戸市河和田３−２３８０−１,茨城県水戸市河和田3-2380-1,茨城県水戸市河和田３−２３８０−１,311-4152,現行,false,false,listed-in-official-directory,,,36.3716453,140.4081331,current-office-location,official-office-point,false,日本郵便の店舗地図に掲載された位置,https://www.post.japanpost.jp/enjoy/culture/stamp/fuke/detail.php?id=4120,assets/stamps/4120.jpg,2026-10-05
4101,office-0037,水戸松が丘郵便局,水戸市,県央,茨城県水戸市松が丘１−２−４３,茨城県水戸市松が丘1-2-43,茨城県水戸市松が丘１−２−４３,310-0043,現行,false,false,listed-in-official-directory,,,36.3874142,140.4389989,current-office-location,official-office-point,false,日本郵便の店舗地図に掲載された位置,https://www.post.japanpost.jp/enjoy/culture/stamp/fuke/detail.php?id=4101,assets/stamps/4101.jpg,2026-10-05
4103,office-0038,水戸東原郵便局,水戸市,県央,茨城県水戸市東原１−３−４,茨城県水戸市東原1-3-4,茨城県水戸市東原１−３−４,310-0035,現行,false,false,listed-in-official-directory,,,36.3834433,140.4475758,current-office-location,official-office-point,false,日本郵便の店舗地図に掲載された位置,https://www.post.japanpost.jp/enjoy/culture/stamp/fuke/detail.php?id=4103,assets/stamps/4103.jpg,2026-10-05
4104,office-0039,水戸渡里郵便局,水戸市,県央,茨城県水戸市渡里町２９３７−２,茨城県水戸市渡里町2937-2,茨城県水戸市渡里町２９３７−２,310-0902,現行,false,false,listed-in-official-directory,,,36.4076425,140.4297192,current-office-location,official-office-point,false,日本郵便の店舗地図に掲載された位置,https://www.post.japanpost.jp/enjoy/culture/stamp/fuke/detail.php?id=4104,assets/stamps/4104.jpg,2026-10-05
4105,office-0040,水戸見和郵便局,水戸市,県央,茨城県水戸市見和２−２５１−２２,茨城県水戸市見和2-251-22,茨城県水戸市見和２−２５１−２２,310-0911,現行,false,false,listed-in-official-directory,,,36.3765458,140.4317697,current-office-location,official-office-point,false,日本郵便の店舗地図に掲載された位置,https://www.post.japanpost.jp/enjoy/culture/stamp/fuke/detail.php?id=4105,assets/stamps/4105.jpg,2026-10-05
4106,office-0041,水戸平須郵便局,水戸市,県央,茨城県水戸市平須町１８１９−７２,茨城県水戸市平須町1819-72,茨城県水戸市平須町１８１９−７２,310-0853,現行,false,false,listed-in-official-directory,,,36.3294631,140.4358039,current-office-location,official-office-point,false,日本郵便の店舗地図に掲載された位置,https://www.post.japanpost.jp/enjoy/culture/stamp/fuke/detail.php?id=4106,assets/stamps/4106.jpg,2026-10-05
4107,office-0042,水戸石川郵便局,水戸市,県央,茨城県水戸市石川１−３９００−５,茨城県水戸市石川1-3900-5,茨城県水戸市石川１−３９００−５,310-0905,現行,false,false,listed-in-official-directory,,,36.3935911,140.427075,current-office-location,official-office-point,false,日本郵便の店舗地図に掲載された位置,https://www.post.japanpost.jp/enjoy/culture/stamp/fuke/detail.php?id=4107,assets/stamps/4107.jpg,2026-10-05
4954,office-0043,久慈浜郵便局,日立市,県北,茨城県日立市久慈町３−３２−１５,茨城県日立市久慈町3-32-15,茨城県日立市久慈町３−３２−１５,319-1299,現行,false,false,listed-in-official-directory,,,36.4996661,140.6116531,current-office-location,official-office-point,false,日本郵便の店舗地図に掲載された位置,https://www.post.japanpost.jp/enjoy/culture/stamp/fuke/detail.php?id=4954,assets/stamps/4954.jpg,2026-10-05
4970,office-0044,友部郵便局,笠間市,県央,茨城県笠間市八雲２−９−１２,茨城県笠間市八雲2-9-12,茨城県笠間市八雲２−９−１２,309-1799,現行,false,false,listed-in-official-directory,,,36.3440211,140.3013597,current-office-location,official-office-point,false,日本郵便の店舗地図に掲載された位置,https://www.post.japanpost.jp/enjoy/culture/stamp/fuke/detail.php?id=4970,assets/stamps/4970.jpg,2026-10-05
4089,office-0045,水戸緑岡郵便局,水戸市,県央,茨城県水戸市千波町2461,茨城県水戸市千波町2461,茨城県水戸市千波町2461,310-0851,現行,false,false,listed-in-official-directory,,,36.3638808,140.4504986,current-office-location,official-office-point,false,日本郵便の店舗地図に掲載された位置,https://www.post.japanpost.jp/enjoy/culture/stamp/fuke/detail.php?id=4089,assets/stamps/4089.jpg,2026-10-05
4090,office-0046,水戸本町郵便局,水戸市,県央,茨城県水戸市本町３−２０−３５,茨城県水戸市本町3-20-35,茨城県水戸市本町３−２０−３５,310-0815,現行,false,false,listed-in-official-directory,,,36.3671539,140.4970536,current-office-location,official-office-point,false,日本郵便の店舗地図に掲載された位置,https://www.post.japanpost.jp/enjoy/culture/stamp/fuke/detail.php?id=4090,assets/stamps/4090.jpg,2026-10-05
4093,office-0047,水戸酒門郵便局,水戸市,県央,茨城県水戸市酒門町１２６１−５,茨城県水戸市酒門町1261-5,茨城県水戸市酒門町１２６１−５,310-0841,現行,false,false,listed-in-official-directory,,,36.3445208,140.4925742,current-office-location,official-office-point,false,日本郵便の店舗地図に掲載された位置,https://www.post.japanpost.jp/enjoy/culture/stamp/fuke/detail.php?id=4093,assets/stamps/4093.jpg,2026-10-05
4182,office-0048,三坂郵便局,常総市,県西,茨城県常総市三坂町１５４４−４,茨城県常総市三坂町1544-4,茨城県常総市三坂町１５４４−４,300-2599,現行,false,false,listed-in-official-directory,,,36.0748286,139.98139,current-office-location,official-office-point,false,日本郵便の店舗地図に掲載された位置,https://www.post.japanpost.jp/enjoy/culture/stamp/fuke/detail.php?id=4182,assets/stamps/4182.jpg,2026-10-05
4183,office-0049,菅原郵便局,常総市,県西,茨城県常総市大生郷新田町１１３９−３,茨城県常総市大生郷新田町1139-3,茨城県常総市大生郷新田町１１３９−３,300-2526,現行,false,false,listed-in-official-directory,,,36.0699092,139.9436322,current-office-location,official-office-point,false,日本郵便の店舗地図に掲載された位置,https://www.post.japanpost.jp/enjoy/culture/stamp/fuke/detail.php?id=4183,assets/stamps/4183.jpg,2026-10-05
4184,office-0050,水海道五箇郵便局,常総市,県西,茨城県常総市上蛇町１５０３−１,茨城県常総市上蛇町1503-1,茨城県常総市上蛇町１５０３−１,300-2502,現行,false,false,listed-in-official-directory,,,36.0690522,140.0040736,current-office-location,official-office-point,false,日本郵便の店舗地図に掲載された位置,https://www.post.japanpost.jp/enjoy/culture/stamp/fuke/detail.php?id=4184,assets/stamps/4184.jpg,2026-10-05
4185,office-0003,水海道豊岡郵便局,常総市,県西,茨城県常総市豊岡町丙1517-2,茨城県常総市豊岡町丙1517-2,,303-0041,2026-02-21 郵便局閉鎖,false,true,closed,2026-02-21,,36.03391728,139.96995303,historical-office-location,gsi-named-office-point,false,国土地理院の施設名検索で確認した旧局所在地,https://www.post.japanpost.jp/enjoy/culture/stamp/fuke/detail.php?id=4185,assets/stamps/4185.jpg,2026-10-05
4186,office-0051,水海道諏訪郵便局,常総市,県西,茨城県常総市水海道諏訪町２７９６−５,茨城県常総市水海道諏訪町2796-5,茨城県常総市水海道諏訪町２７９６−５,303-0021,現行,false,false,listed-in-official-directory,,,36.0209014,139.9918881,current-office-location,official-office-point,false,日本郵便の店舗地図に掲載された位置,https://www.post.japanpost.jp/enjoy/culture/stamp/fuke/detail.php?id=4186,assets/stamps/4186.jpg,2026-10-05
4187,office-0052,水海道坂手郵便局,常総市,県西,茨城県常総市坂手町１２６９−６,茨城県常総市坂手町1269-6,茨城県常総市坂手町１２６９−６,303-0042,現行,false,false,listed-in-official-directory,,,36.0091219,139.9662272,current-office-location,official-office-point,false,日本郵便の店舗地図に掲載された位置,https://www.post.japanpost.jp/enjoy/culture/stamp/fuke/detail.php?id=4187,assets/stamps/4187.jpg,2026-10-05
4161,office-0053,真壁郵便局,桜川市,県西,茨城県桜川市真壁町飯塚１００１−２,茨城県桜川市真壁町飯塚1001-2,茨城県桜川市真壁町飯塚１００１−２,300-4499,現行,false,false,listed-in-official-directory,,,36.2760053,140.0934183,current-office-location,official-office-point,false,日本郵便の店舗地図に掲載された位置,https://www.post.japanpost.jp/enjoy/culture/stamp/fuke/detail.php?id=4161,assets/stamps/4161.jpg,2026-10-05
4959,office-0054,鹿嶋郵便局,鹿嶋市,鹿行,茨城県鹿嶋市鉢形１５２７−２,茨城県鹿嶋市鉢形1527-2,茨城県鹿嶋市鉢形１５２７−２,314-8799,現行,false,false,listed-in-official-directory,,,35.9654064,140.6458019,current-office-location,official-office-point,false,日本郵便の店舗地図に掲載された位置,https://www.post.japanpost.jp/enjoy/culture/stamp/fuke/detail.php?id=4959,assets/stamps/4959.jpg,2026-10-05
4152,office-0055,子生郵便局,鉾田市,鹿行,茨城県鉾田市子生３８７−１,茨城県鉾田市子生387-1,茨城県鉾田市子生３８７−１,311-1499,現行,false,false,listed-in-official-directory,,,36.2171164,140.5494356,current-office-location,official-office-point,false,日本郵便の店舗地図に掲載された位置,https://www.post.japanpost.jp/enjoy/culture/stamp/fuke/detail.php?id=4152,assets/stamps/4152.jpg,2026-10-05
4971,office-0056,ひたちなか郵便局,ひたちなか市,県央,茨城県ひたちなか市石川町２８−１,茨城県ひたちなか市石川町28-1,茨城県ひたちなか市石川町２８−１,312-8799,現行,false,false,listed-in-official-directory,,,36.3933653,140.5306211,current-office-location,official-office-point,false,日本郵便の店舗地図に掲載された位置,https://www.post.japanpost.jp/enjoy/culture/stamp/fuke/detail.php?id=4971,assets/stamps/4971.jpg,2026-10-05
4945,office-0057,龍ケ崎郵便局,龍ケ崎市,県南,茨城県龍ケ崎市出し山町１６８,茨城県龍ケ崎市出し山町168,茨城県龍ケ崎市出し山町１６８,301-8799,現行,false,false,listed-in-official-directory,,,35.9126811,140.1914833,current-office-location,official-office-point,false,日本郵便の店舗地図に掲載された位置,https://www.post.japanpost.jp/enjoy/culture/stamp/fuke/detail.php?id=4945,assets/stamps/4945.jpg,2026-10-05
4143,office-0058,延方郵便局,潮来市,鹿行,茨城県潮来市宮前１−２０−６,茨城県潮来市宮前1-20-6,茨城県潮来市宮前１−２０−６,311-2412,現行,false,false,listed-in-official-directory,,,35.9570675,140.5888289,current-office-location,official-office-point,false,日本郵便の店舗地図に掲載された位置,https://www.post.japanpost.jp/enjoy/culture/stamp/fuke/detail.php?id=4143,assets/stamps/4143.jpg,2026-10-05
4225,office-0059,日立河原子郵便局,日立市,県北,茨城県日立市河原子町４−３−９,茨城県日立市河原子町4-3-9,茨城県日立市河原子町４−３−９,316-0005,現行,false,false,listed-in-official-directory,,,36.5453333,140.6390044,current-office-location,official-office-point,false,日本郵便の店舗地図に掲載された位置,https://www.post.japanpost.jp/enjoy/culture/stamp/fuke/detail.php?id=4225,assets/stamps/4225.jpg,2026-10-05
4247,office-0060,大宮上町郵便局,常陸大宮市,県北,茨城県常陸大宮市上町３５７,茨城県常陸大宮市上町357,茨城県常陸大宮市上町３５７,319-2261,現行,false,false,listed-in-official-directory,,,36.5497317,140.4136606,current-office-location,official-office-point,false,日本郵便の店舗地図に掲載された位置,https://www.post.japanpost.jp/enjoy/culture/stamp/fuke/detail.php?id=4247,assets/stamps/4247.jpg,2026-10-05
4964,office-0061,藤代郵便局,取手市,県南,茨城県取手市片町３３９−１,茨城県取手市片町339-1,茨城県取手市片町３３９−１,300-1599,現行,false,false,listed-in-official-directory,,,35.92091,140.1151964,current-office-location,official-office-point,false,日本郵便の店舗地図に掲載された位置,https://www.post.japanpost.jp/enjoy/culture/stamp/fuke/detail.php?id=4964,assets/stamps/4964.jpg,2026-10-05
4175,office-0062,下館玉戸郵便局,筑西市,県西,茨城県筑西市玉戸山ケ島１８７８−１,茨城県筑西市玉戸山ケ島1878-1,茨城県筑西市玉戸山ケ島１８７８−１,308-0847,現行,false,false,listed-in-official-directory,,,36.2945467,139.9390275,current-office-location,official-office-point,false,日本郵便の店舗地図に掲載された位置,https://www.post.japanpost.jp/enjoy/culture/stamp/fuke/detail.php?id=4175,assets/stamps/4175.jpg,2026-10-05
4153,office-0063,麻生郵便局,行方市,鹿行,茨城県行方市麻生１１５７,茨城県行方市麻生1157,茨城県行方市麻生１１５７,311-3899,現行,false,false,listed-in-official-directory,,,35.9886331,140.4874536,current-office-location,official-office-point,false,日本郵便の店舗地図に掲載された位置,https://www.post.japanpost.jp/enjoy/culture/stamp/fuke/detail.php?id=4153,assets/stamps/4153.jpg,2026-10-05
4154,office-0064,玉造郵便局,行方市,鹿行,茨城県行方市玉造甲２２７,茨城県行方市玉造甲227,茨城県行方市玉造甲２２７,311-3599,現行,false,false,listed-in-official-directory,,,36.1080333,140.4125167,current-office-location,official-office-point,false,日本郵便の店舗地図に掲載された位置,https://www.post.japanpost.jp/enjoy/culture/stamp/fuke/detail.php?id=4154,assets/stamps/4154.jpg,2026-10-05
4155,office-0065,北浦郵便局,行方市,鹿行,茨城県行方市山田１３４０,茨城県行方市山田1340,茨城県行方市山田１３４０,311-1799,現行,false,false,listed-in-official-directory,,,36.0726981,140.5216317,current-office-location,official-office-point,false,日本郵便の店舗地図に掲載された位置,https://www.post.japanpost.jp/enjoy/culture/stamp/fuke/detail.php?id=4155,assets/stamps/4155.jpg,2026-10-05
4151,office-0066,波崎土合ヶ原郵便局,神栖市,鹿行,茨城県神栖市土合本町３−９８０９−１６,茨城県神栖市土合本町3-9809-16,茨城県神栖市土合本町３−９８０９−１６,314-0343,現行,false,false,listed-in-official-directory,,,35.7934264,140.7781508,current-office-location,official-office-point,false,日本郵便の店舗地図に掲載された位置,https://www.post.japanpost.jp/enjoy/culture/stamp/fuke/detail.php?id=4151,assets/stamps/4151.jpg,2026-10-05
4936,office-0067,水戸中央郵便局,水戸市,県央,茨城県水戸市三の丸１−４−２９,茨城県水戸市三の丸1-4-29,茨城県水戸市三の丸１−４−２９,310-8799,現行,false,false,listed-in-official-directory,,,36.3746389,140.4737772,current-office-location,official-office-point,false,日本郵便の店舗地図に掲載された位置,https://www.post.japanpost.jp/enjoy/culture/stamp/fuke/detail.php?id=4936,assets/stamps/4936.jpg,2026-10-05
4195,office-0068,沢辺郵便局,土浦市,県南,茨城県土浦市沢辺８７９−４,茨城県土浦市沢辺879-4,茨城県土浦市沢辺８７９−４,300-4104,現行,false,false,listed-in-official-directory,,,36.1497342,140.1538617,current-office-location,official-office-point,false,日本郵便の店舗地図に掲載された位置,https://www.post.japanpost.jp/enjoy/culture/stamp/fuke/detail.php?id=4195,assets/stamps/4195.jpg,2026-10-05
4224,office-0069,日立土木内郵便局,日立市,県北,茨城県日立市神田町１７１３−１,茨城県日立市神田町1713-1,茨城県日立市神田町１７１３−１,319-1233,現行,false,false,listed-in-official-directory,,,36.4983436,140.5704753,current-office-location,official-office-point,false,日本郵便の店舗地図に掲載された位置,https://www.post.japanpost.jp/enjoy/culture/stamp/fuke/detail.php?id=4224,assets/stamps/4224.jpg,2026-10-05
4205,office-0070,取手一郵便局,取手市,県南,茨城県取手市取手１−１２−１８,茨城県取手市取手1-12-18,茨城県取手市取手１−１２−１８,302-0004,現行,false,false,listed-in-official-directory,,,35.8898053,140.0656411,current-office-location,official-office-point,false,日本郵便の店舗地図に掲載された位置,https://www.post.japanpost.jp/enjoy/culture/stamp/fuke/detail.php?id=4205,assets/stamps/4205.jpg,2026-10-05
4958,office-0071,常陸小川郵便局,小美玉市,県央,茨城県小美玉市小川１６３２,茨城県小美玉市小川1632,茨城県小美玉市小川１６３２,311-3499,現行,false,false,listed-in-official-directory,,,36.1703744,140.3569575,current-office-location,official-office-point,false,日本郵便の店舗地図に掲載された位置,https://www.post.japanpost.jp/enjoy/culture/stamp/fuke/detail.php?id=4958,assets/stamps/4958.jpg,2026-10-05
4138,office-0072,竹原郵便局,小美玉市,県央,茨城県小美玉市竹原下郷１７８,茨城県小美玉市竹原下郷178,茨城県小美玉市竹原下郷１７８,319-0112,現行,false,false,listed-in-official-directory,,,36.2176336,140.3176983,current-office-location,official-office-point,false,日本郵便の店舗地図に掲載された位置,https://www.post.japanpost.jp/enjoy/culture/stamp/fuke/detail.php?id=4138,assets/stamps/4138.jpg,2026-10-05
4139,office-0073,橘郵便局,小美玉市,県央,茨城県小美玉市与沢９３７−１,茨城県小美玉市与沢937-1,茨城県小美玉市与沢９３７−１,311-3416,現行,false,false,listed-in-official-directory,,,36.1611272,140.3989606,current-office-location,official-office-point,false,日本郵便の店舗地図に掲載された位置,https://www.post.japanpost.jp/enjoy/culture/stamp/fuke/detail.php?id=4139,assets/stamps/4139.jpg,2026-10-05
4140,office-0074,玉里郵便局,小美玉市,県央,茨城県小美玉市上玉里１１２５,茨城県小美玉市上玉里1125,茨城県小美玉市上玉里１１２５,311-3436,現行,false,false,listed-in-official-directory,,,36.1617953,140.3350086,current-office-location,official-office-point,false,日本郵便の店舗地図に掲載された位置,https://www.post.japanpost.jp/enjoy/culture/stamp/fuke/detail.php?id=4140,assets/stamps/4140.jpg,2026-10-05
4141,office-0075,小川飯前郵便局,小美玉市,県央,茨城県小美玉市飯前２２８−２,茨城県小美玉市飯前228-2,茨城県小美玉市飯前２２８−２,311-3404,現行,false,false,listed-in-official-directory,,,36.2165294,140.41161,current-office-location,official-office-point,false,日本郵便の店舗地図に掲載された位置,https://www.post.japanpost.jp/enjoy/culture/stamp/fuke/detail.php?id=4141,assets/stamps/4141.jpg,2026-10-05
4149,office-0076,矢田部郵便局,神栖市,鹿行,茨城県神栖市矢田部６４９８−１,茨城県神栖市矢田部6498-1,茨城県神栖市矢田部６４９８−１,314-0399,現行,false,false,listed-in-official-directory,,,35.7889,140.7564469,current-office-location,official-office-point,false,日本郵便の店舗地図に掲載された位置,https://www.post.japanpost.jp/enjoy/culture/stamp/fuke/detail.php?id=4149,assets/stamps/4149.jpg,2026-10-05
4097,office-0077,茨城県庁内郵便局,水戸市,県央,茨城県水戸市笠原町９７８−６,茨城県水戸市笠原町978-6,茨城県水戸市笠原町９７８−６,310-0852,現行,false,false,listed-in-official-directory,,,36.3418092,140.4468203,current-office-location,official-office-point,false,日本郵便の店舗地図に掲載された位置,https://www.post.japanpost.jp/enjoy/culture/stamp/fuke/detail.php?id=4097,assets/stamps/4097.jpg,2026-10-05
4100,office-0078,水戸袴塚郵便局,水戸市,県央,茨城県水戸市袴塚２−１−４３,茨城県水戸市袴塚2-1-43,茨城県水戸市袴塚２−１−４３,310-0055,現行,false,false,listed-in-official-directory,,,36.3949469,140.4462822,current-office-location,official-office-point,false,日本郵便の店舗地図に掲載された位置,https://www.post.japanpost.jp/enjoy/culture/stamp/fuke/detail.php?id=4100,assets/stamps/4100.jpg,2026-10-05
4956,office-0079,守谷郵便局,守谷市,県南,茨城県守谷市本町７０１−２,茨城県守谷市本町701-2,茨城県守谷市本町７０１−２,302-0199,現行,false,false,listed-in-official-directory,,,35.9426553,139.9994403,current-office-location,official-office-point,false,日本郵便の店舗地図に掲載された位置,https://www.post.japanpost.jp/enjoy/culture/stamp/fuke/detail.php?id=4956,assets/stamps/4956.jpg,2026-10-05
4961,office-0080,日立郵便局,日立市,県北,茨城県日立市幸町２−３−２８,茨城県日立市幸町2-3-28,茨城県日立市幸町２−３−２８,317-8799,現行,false,false,listed-in-official-directory,,,36.5889792,140.6583328,current-office-location,official-office-point,false,日本郵便の店舗地図に掲載された位置,https://www.post.japanpost.jp/enjoy/culture/stamp/fuke/detail.php?id=4961,assets/stamps/4961.jpg,2026-10-05
4129,office-0081,友部上市原郵便局,笠間市,県央,茨城県笠間市上市原１８９１−２,茨城県笠間市上市原1891-2,茨城県笠間市上市原１８９１−２,309-1731,現行,false,false,listed-in-official-directory,,,36.3853264,140.2953042,current-office-location,official-office-point,false,日本郵便の店舗地図に掲載された位置,https://www.post.japanpost.jp/enjoy/culture/stamp/fuke/detail.php?id=4129,assets/stamps/4129.jpg,2026-10-05
4216,office-0082,北茨城華川郵便局,北茨城市,県北,茨城県北茨城市華川町小豆畑１０７０−８,茨城県北茨城市華川町小豆畑1070-8,茨城県北茨城市華川町小豆畑１０７０−８,319-1538,現行,false,false,listed-in-official-directory,,,36.8235647,140.7090633,current-office-location,official-office-point,false,日本郵便の店舗地図に掲載された位置,https://www.post.japanpost.jp/enjoy/culture/stamp/fuke/detail.php?id=4216,assets/stamps/4216.jpg,2026-10-05
4121,office-0083,宍戸郵便局,笠間市,県央,茨城県笠間市平町２０４０,茨城県笠間市平町2040,茨城県笠間市平町２０４０,309-1722,現行,false,false,listed-in-official-directory,,,36.3386628,140.2872528,current-office-location,official-office-point,false,日本郵便の店舗地図に掲載された位置,https://www.post.japanpost.jp/enjoy/culture/stamp/fuke/detail.php?id=4121,assets/stamps/4121.jpg,2026-10-05
4125,office-0084,南川根郵便局,笠間市,県央,茨城県笠間市安居１４６５,茨城県笠間市安居1465,茨城県笠間市安居１４６５,319-0206,現行,false,false,listed-in-official-directory,,,36.2901939,140.3461467,current-office-location,official-office-point,false,日本郵便の店舗地図に掲載された位置,https://www.post.japanpost.jp/enjoy/culture/stamp/fuke/detail.php?id=4125,assets/stamps/4125.jpg,2026-10-05
4128,office-0085,北川根郵便局,笠間市,県央,茨城県笠間市湯崎８９４−２,茨城県笠間市湯崎894-2,茨城県笠間市湯崎８９４−２,309-1715,現行,false,false,listed-in-official-directory,,,36.3041944,140.33037,current-office-location,official-office-point,false,日本郵便の店舗地図に掲載された位置,https://www.post.japanpost.jp/enjoy/culture/stamp/fuke/detail.php?id=4128,assets/stamps/4128.jpg,2026-10-05
4130,office-0086,友部駅前郵便局,笠間市,県央,茨城県笠間市東平１−１−２２,茨城県笠間市東平1-1-22,茨城県笠間市東平１−１−２２,309-1705,現行,false,false,listed-in-official-directory,,,36.3494089,140.3077508,current-office-location,official-office-point,false,日本郵便の店舗地図に掲載された位置,https://www.post.japanpost.jp/enjoy/culture/stamp/fuke/detail.php?id=4130,assets/stamps/4130.jpg,2026-10-05
4162,office-0087,協和郵便局,筑西市,県西,茨城県筑西市新治１９９１−５６,茨城県筑西市新治1991-56,茨城県筑西市新治１９９１−５６,309-1199,現行,false,false,listed-in-official-directory,,,36.3328328,140.0378814,current-office-location,official-office-point,false,日本郵便の店舗地図に掲載された位置,https://www.post.japanpost.jp/enjoy/culture/stamp/fuke/detail.php?id=4162,assets/stamps/4162.jpg,2026-10-05
4229,office-0088,天下野郵便局,常陸太田市,県北,茨城県常陸太田市天下野町５６０２−１,茨城県常陸太田市天下野町5602-1,茨城県常陸太田市天下野町５６０２−１,313-0399,現行,false,false,listed-in-official-directory,,,36.6583922,140.4754858,current-office-location,official-office-point,false,日本郵便の店舗地図に掲載された位置,https://www.post.japanpost.jp/enjoy/culture/stamp/fuke/detail.php?id=4229,assets/stamps/4229.jpg,2026-10-05
4108,office-0089,大洗郵便局,大洗町,県央,茨城県東茨城郡大洗町磯浜町６８８１−３６４,茨城県東茨城郡大洗町磯浜町6881-364,茨城県東茨城郡大洗町磯浜町６８８１−３６４,311-1399,現行,false,false,listed-in-official-directory,,,36.3124058,140.5733119,current-office-location,official-office-point,false,日本郵便の店舗地図に掲載された位置,https://www.post.japanpost.jp/enjoy/culture/stamp/fuke/detail.php?id=4108,assets/stamps/4108.jpg,2026-10-05
4208,office-0090,つくば田井郵便局,つくば市,県南,茨城県つくば市神郡８７０−５,茨城県つくば市神郡870-5,茨城県つくば市神郡８７０−５,300-4212,現行,false,false,listed-in-official-directory,,,36.1877169,140.0923214,current-office-location,official-office-point,false,日本郵便の店舗地図に掲載された位置,https://www.post.japanpost.jp/enjoy/culture/stamp/fuke/detail.php?id=4208,assets/stamps/4208.jpg,2026-10-05
4096,office-0091,水戸吉沢郵便局,水戸市,県央,茨城県水戸市吉沢町８１６,茨城県水戸市吉沢町816,茨城県水戸市吉沢町８１６,310-0845,現行,false,false,listed-in-official-directory,,,36.3379206,140.4671872,current-office-location,official-office-point,false,日本郵便の店舗地図に掲載された位置,https://www.post.japanpost.jp/enjoy/culture/stamp/fuke/detail.php?id=4096,assets/stamps/4096.jpg,2026-10-05
4091,office-0092,水戸米沢郵便局,水戸市,県央,茨城県水戸市元吉田町９５６,茨城県水戸市元吉田町956,茨城県水戸市元吉田町９５６,310-0836,現行,false,false,listed-in-official-directory,,,36.3513417,140.4652039,current-office-location,official-office-point,false,日本郵便の店舗地図に掲載された位置,https://www.post.japanpost.jp/enjoy/culture/stamp/fuke/detail.php?id=4091,assets/stamps/4091.jpg,2026-10-05
4092,office-0093,水戸城東郵便局,水戸市,県央,茨城県水戸市城東２−７−７６,茨城県水戸市城東2-7-76,茨城県水戸市城東２−７−７６,310-0012,現行,false,false,listed-in-official-directory,,,36.3719503,140.4925572,current-office-location,official-office-point,false,日本郵便の店舗地図に掲載された位置,https://www.post.japanpost.jp/enjoy/culture/stamp/fuke/detail.php?id=4092,assets/stamps/4092.jpg,2026-10-05
4158,office-0094,瓦会郵便局,石岡市,県南,茨城県石岡市瓦谷２３３６−４,茨城県石岡市瓦谷2336-4,茨城県石岡市瓦谷２３３６−４,315-0111,現行,false,false,listed-in-official-directory,,,36.2760658,140.2139694,current-office-location,official-office-point,false,日本郵便の店舗地図に掲載された位置,https://www.post.japanpost.jp/enjoy/culture/stamp/fuke/detail.php?id=4158,assets/stamps/4158.jpg,2026-10-05
4210,office-0095,安中郵便局,美浦村,県南,茨城県稲敷郡美浦村土浦２０３２,茨城県稲敷郡美浦村土浦2032,茨城県稲敷郡美浦村土浦２０３２,300-0404,現行,false,false,listed-in-official-directory,,,36.0115975,140.3491047,current-office-location,official-office-point,false,日本郵便の店舗地図に掲載された位置,https://www.post.japanpost.jp/enjoy/culture/stamp/fuke/detail.php?id=4210,assets/stamps/4210.jpg,2026-10-05
4239,office-0096,常陸太田里野宮郵便局,常陸太田市,県北,茨城県常陸太田市里野宮町１０１０−１,茨城県常陸太田市里野宮町1010-1,茨城県常陸太田市里野宮町１０１０−１,311-0325,現行,false,false,listed-in-official-directory,,,36.5655994,140.5367011,current-office-location,official-office-point,false,日本郵便の店舗地図に掲載された位置,https://www.post.japanpost.jp/enjoy/culture/stamp/fuke/detail.php?id=4239,assets/stamps/4239.jpg,2026-10-05
4177,office-0097,明野郵便局,筑西市,県西,茨城県筑西市海老ケ島１５９７,茨城県筑西市海老ケ島1597,茨城県筑西市海老ケ島１５９７,300-4599,現行,false,false,listed-in-official-directory,,,36.2506511,140.0355964,current-office-location,official-office-point,false,日本郵便の店舗地図に掲載された位置,https://www.post.japanpost.jp/enjoy/culture/stamp/fuke/detail.php?id=4177,assets/stamps/4177.jpg,2026-10-05
4178,office-0098,中上野郵便局,筑西市,県西,茨城県筑西市中上野７１７,茨城県筑西市中上野717,茨城県筑西市中上野７１７,300-4524,現行,false,false,listed-in-official-directory,,,36.2184739,140.0283764,current-office-location,official-office-point,false,日本郵便の店舗地図に掲載された位置,https://www.post.japanpost.jp/enjoy/culture/stamp/fuke/detail.php?id=4178,assets/stamps/4178.jpg,2026-10-05
4179,office-0099,村田郵便局,筑西市,県西,茨城県筑西市村田１７２８,茨城県筑西市村田1728,茨城県筑西市村田１７２８,300-4546,現行,false,false,listed-in-official-directory,,,36.2724983,140.0134694,current-office-location,official-office-point,false,日本郵便の店舗地図に掲載された位置,https://www.post.japanpost.jp/enjoy/culture/stamp/fuke/detail.php?id=4179,assets/stamps/4179.jpg,2026-10-05
4150,office-0100,別所郵便局,神栖市,鹿行,茨城県神栖市波崎４７８１−４５,茨城県神栖市波崎4781-45,茨城県神栖市波崎４７８１−４５,314-0408,現行,false,false,listed-in-official-directory,,,35.7585069,140.8007889,current-office-location,official-office-point,false,日本郵便の店舗地図に掲載された位置,https://www.post.japanpost.jp/enjoy/culture/stamp/fuke/detail.php?id=4150,assets/stamps/4150.jpg,2026-10-05
4147,office-0101,鹿嶋平井郵便局,鹿嶋市,鹿行,茨城県鹿嶋市平井１１２８−１７８,茨城県鹿嶋市平井1128-178,茨城県鹿嶋市平井１１２８−１７８,314-0012,現行,false,false,listed-in-official-directory,,,35.9713025,140.6646875,current-office-location,official-office-point,false,日本郵便の店舗地図に掲載された位置,https://www.post.japanpost.jp/enjoy/culture/stamp/fuke/detail.php?id=4147,assets/stamps/4147.jpg,2026-10-05
4967,office-0102,上郷郵便局,つくば市,県南,茨城県つくば市上郷１３８４−３,茨城県つくば市上郷1384-3,茨城県つくば市上郷１３８４−３,300-2699,現行,false,false,listed-in-official-directory,,,36.1080172,140.0153519,current-office-location,official-office-point,false,日本郵便の店舗地図に掲載された位置,https://www.post.japanpost.jp/enjoy/culture/stamp/fuke/detail.php?id=4967,assets/stamps/4967.jpg,2026-10-05
4191,office-0103,七郷郵便局,坂東市,県西,茨城県坂東市大崎１３３４−３４,茨城県坂東市大崎1334-34,茨城県坂東市大崎１３３４−３４,306-0622,現行,false,false,listed-in-official-directory,,,36.0038089,139.9085694,current-office-location,official-office-point,false,日本郵便の店舗地図に掲載された位置,https://www.post.japanpost.jp/enjoy/culture/stamp/fuke/detail.php?id=4191,assets/stamps/4191.jpg,2026-10-05
4206,office-0104,つくば小田郵便局,つくば市,県南,茨城県つくば市小田２９４６−１,茨城県つくば市小田2946-1,茨城県つくば市小田２９４６−１,300-4223,現行,false,false,listed-in-official-directory,,,36.1556442,140.1098036,current-office-location,official-office-point,false,日本郵便の店舗地図に掲載された位置,https://www.post.japanpost.jp/enjoy/culture/stamp/fuke/detail.php?id=4206,assets/stamps/4206.jpg,2026-10-05
4160,office-0105,葦穂郵便局,石岡市,県南,茨城県石岡市芦穂中部小屋６６−３,茨城県石岡市芦穂中部小屋66-3,茨城県石岡市芦穂中部小屋６６−３,315-0164,現行,false,false,listed-in-official-directory,,,36.2569828,140.1708986,current-office-location,official-office-point,false,日本郵便の店舗地図に掲載された位置,https://www.post.japanpost.jp/enjoy/culture/stamp/fuke/detail.php?id=4160,assets/stamps/4160.jpg,2026-10-05
4117,office-0106,岩船郵便局,城里町,県央,茨城県東茨城郡城里町孫根４６１−５,茨城県東茨城郡城里町孫根461-5,茨城県東茨城郡城里町孫根４６１−５,311-4334,現行,false,false,listed-in-official-directory,,,36.5082047,140.3422411,current-office-location,official-office-point,false,日本郵便の店舗地図に掲載された位置,https://www.post.japanpost.jp/enjoy/culture/stamp/fuke/detail.php?id=4117,assets/stamps/4117.jpg,2026-10-05
4960,office-0107,三和郵便局,古河市,県西,茨城県古河市仁連１９１４,茨城県古河市仁連1914,茨城県古河市仁連１９１４,306-0199,現行,false,false,listed-in-official-directory,,,36.1891778,139.8159967,current-office-location,official-office-point,false,日本郵便の店舗地図に掲載された位置,https://www.post.japanpost.jp/enjoy/culture/stamp/fuke/detail.php?id=4960,assets/stamps/4960.jpg,2026-10-05
4968,office-0108,総和郵便局,古河市,県西,茨城県古河市下大野７４４−４,茨城県古河市下大野744-4,茨城県古河市下大野７４４−４,306-0299,現行,false,false,listed-in-official-directory,,,36.1674708,139.7691464,current-office-location,official-office-point,false,日本郵便の店舗地図に掲載された位置,https://www.post.japanpost.jp/enjoy/culture/stamp/fuke/detail.php?id=4968,assets/stamps/4968.jpg,2026-10-05
4114,office-0109,阿波山郵便局,城里町,県央,茨城県東茨城郡城里町阿波山１０２０−１,茨城県東茨城郡城里町阿波山1020-1,茨城県東茨城郡城里町阿波山１０２０−１,311-4344,現行,false,false,listed-in-official-directory,,,36.5157489,140.3657108,current-office-location,official-office-point,false,日本郵便の店舗地図に掲載された位置,https://www.post.japanpost.jp/enjoy/culture/stamp/fuke/detail.php?id=4114,assets/stamps/4114.jpg,2026-10-05
4180,office-0110,石下郵便局,常総市,県西,茨城県常総市新石下４５２７,茨城県常総市新石下4527,茨城県常総市新石下４５２７,300-2799,現行,false,false,listed-in-official-directory,,,36.1118214,139.9728447,current-office-location,official-office-point,false,日本郵便の店舗地図に掲載された位置,https://www.post.japanpost.jp/enjoy/culture/stamp/fuke/detail.php?id=4180,assets/stamps/4180.jpg,2026-10-05
4148,office-0111,萩原郵便局,神栖市,鹿行,茨城県神栖市萩原９７０−１,茨城県神栖市萩原970-1,茨城県神栖市萩原９７０−１,314-0122,現行,false,false,listed-in-official-directory,,,35.8652892,140.6622397,current-office-location,official-office-point,false,日本郵便の店舗地図に掲載された位置,https://www.post.japanpost.jp/enjoy/culture/stamp/fuke/detail.php?id=4148,assets/stamps/4148.jpg,2026-10-05
4109,office-0112,大場郵便局,水戸市,県央,茨城県水戸市大場町３−２２,茨城県水戸市大場町3-22,茨城県水戸市大場町３−２２,311-1125,現行,false,false,listed-in-official-directory,,,36.3410986,140.5044817,current-office-location,official-office-point,false,日本郵便の店舗地図に掲載された位置,https://www.post.japanpost.jp/enjoy/culture/stamp/fuke/detail.php?id=4109,assets/stamps/4109.jpg,2026-10-05
4246,office-0113,檜沢郵便局,常陸大宮市,県北,茨城県常陸大宮市下檜沢１７１１−１,茨城県常陸大宮市下檜沢1711-1,茨城県常陸大宮市下檜沢１７１１−１,319-2512,現行,false,false,listed-in-official-directory,,,36.6483489,140.3383922,current-office-location,official-office-point,false,日本郵便の店舗地図に掲載された位置,https://www.post.japanpost.jp/enjoy/culture/stamp/fuke/detail.php?id=4246,assets/stamps/4246.jpg,2026-10-05
4212,office-0114,平潟郵便局,北茨城市,県北,茨城県北茨城市平潟町５１６,茨城県北茨城市平潟町516,茨城県北茨城市平潟町５１６,319-1701,現行,false,false,listed-in-official-directory,,,36.8554594,140.7913139,current-office-location,official-office-point,false,日本郵便の店舗地図に掲載された位置,https://www.post.japanpost.jp/enjoy/culture/stamp/fuke/detail.php?id=4212,assets/stamps/4212.jpg,2026-10-05
4136,office-0115,馬渡郵便局,ひたちなか市,県央,茨城県ひたちなか市馬渡３４２８−４,茨城県ひたちなか市馬渡3428-4,茨城県ひたちなか市馬渡３４２８−４,312-0012,現行,false,false,listed-in-official-directory,,,36.3977683,140.5756433,current-office-location,official-office-point,false,日本郵便の店舗地図に掲載された位置,https://www.post.japanpost.jp/enjoy/culture/stamp/fuke/detail.php?id=4136,assets/stamps/4136.jpg,2026-10-05
4137,office-0116,那珂湊相金郵便局,ひたちなか市,県央,茨城県ひたちなか市相金町26-7,茨城県ひたちなか市相金町16-1,茨城県ひたちなか市相金町26-7,311-1246,現行,false,false,listed-in-official-directory,,,36.3523614,140.5882403,current-office-location,official-office-point,false,現在の郵便局の位置。風景印カタログの記載住所とは異なります,https://www.post.japanpost.jp/enjoy/culture/stamp/fuke/detail.php?id=4137,assets/stamps/4137.jpg,2026-10-05
4241,office-0117,緒川郵便局,常陸大宮市,県北,茨城県常陸大宮市上小瀬２１１４−１,茨城県常陸大宮市上小瀬2114-1,茨城県常陸大宮市上小瀬２１１４−１,319-2499,現行,false,false,listed-in-official-directory,,,36.6052392,140.3220036,current-office-location,official-office-point,false,日本郵便の店舗地図に掲載された位置,https://www.post.japanpost.jp/enjoy/culture/stamp/fuke/detail.php?id=4241,assets/stamps/4241.jpg,2026-10-05
4111,office-0118,上野合郵便局,茨城町,県央,茨城県東茨城郡茨城町小幡１４９８−２,茨城県東茨城郡茨城町小幡1498-2,茨城県東茨城郡茨城町小幡１４９８−２,311-3157,現行,false,false,listed-in-official-directory,,,36.2640289,140.3953936,current-office-location,official-office-point,false,日本郵便の店舗地図に掲載された位置,https://www.post.japanpost.jp/enjoy/culture/stamp/fuke/detail.php?id=4111,assets/stamps/4111.jpg,2026-10-05
4955,office-0119,岩瀬郵便局,桜川市,県西,茨城県桜川市岩瀬７１−１,茨城県桜川市岩瀬71-1,茨城県桜川市岩瀬７１−１,309-1299,現行,false,false,listed-in-official-directory,,,36.3619289,140.1101006,current-office-location,official-office-point,false,日本郵便の店舗地図に掲載された位置,https://www.post.japanpost.jp/enjoy/culture/stamp/fuke/detail.php?id=4955,assets/stamps/4955.jpg,2026-10-05
4201,office-0120,出島郵便局,かすみがうら市,県南,茨城県かすみがうら市深谷１３６５−１,茨城県かすみがうら市深谷1365-1,茨城県かすみがうら市深谷１３６５−１,300-0199,現行,false,false,listed-in-official-directory,,,36.0958067,140.2930342,current-office-location,official-office-point,false,日本郵便の店舗地図に掲載された位置,https://www.post.japanpost.jp/enjoy/culture/stamp/fuke/detail.php?id=4201,assets/stamps/4201.jpg,2026-10-05
4203,office-0121,牛渡郵便局,かすみがうら市,県南,茨城県かすみがうら市牛渡１９３６−１,茨城県かすみがうら市牛渡1936-1,茨城県かすみがうら市牛渡１９３６−１,300-0213,現行,false,false,listed-in-official-directory,,,36.0636083,140.3291467,current-office-location,official-office-point,false,日本郵便の店舗地図に掲載された位置,https://www.post.japanpost.jp/enjoy/culture/stamp/fuke/detail.php?id=4203,assets/stamps/4203.jpg,2026-10-05
4202,office-0122,安飾郵便局,かすみがうら市,県南,茨城県かすみがうら市安食９８９−１,茨城県かすみがうら市安食989-1,茨城県かすみがうら市安食９８９−１,300-0205,現行,false,false,listed-in-official-directory,,,36.1132503,140.3487781,current-office-location,official-office-point,false,日本郵便の店舗地図に掲載された位置,https://www.post.japanpost.jp/enjoy/culture/stamp/fuke/detail.php?id=4202,assets/stamps/4202.jpg,2026-10-05
4204,office-0123,志士庫郵便局,かすみがうら市,県南,茨城県かすみがうら市宍倉１７９９−７,茨城県かすみがうら市宍倉1799-7,茨城県かすみがうら市宍倉１７９９−７,300-0121,現行,false,false,listed-in-official-directory,,,36.1208322,140.3158781,current-office-location,official-office-point,false,日本郵便の店舗地図に掲載された位置,https://www.post.japanpost.jp/enjoy/culture/stamp/fuke/detail.php?id=4204,assets/stamps/4204.jpg,2026-10-05
4198,office-0124,土浦南郵便局,土浦市,県南,茨城県土浦市荒川沖東２−２５−１,茨城県土浦市荒川沖東2-25-1,茨城県土浦市荒川沖東２−２５−１,300-0871,現行,false,false,listed-in-official-directory,,,36.0289494,140.1716025,current-office-location,official-office-point,false,日本郵便の店舗地図に掲載された位置,https://www.post.japanpost.jp/enjoy/culture/stamp/fuke/detail.php?id=4198,assets/stamps/4198.jpg,2026-10-05
4199,office-0125,土浦荒川沖郵便局,土浦市,県南,茨城県土浦市荒川沖西１−１８−１１,茨城県土浦市荒川沖西1-18-11,茨城県土浦市荒川沖西１−１８−１１,300-0874,現行,false,false,listed-in-official-directory,,,36.0317008,140.1626142,current-office-location,official-office-point,false,日本郵便の店舗地図に掲載された位置,https://www.post.japanpost.jp/enjoy/culture/stamp/fuke/detail.php?id=4199,assets/stamps/4199.jpg,2026-10-05
4209,office-0126,美浦郵便局,美浦村,県南,茨城県稲敷郡美浦村宮地１２１１−１０,茨城県稲敷郡美浦村宮地1211-10,茨城県稲敷郡美浦村宮地１２１１−１０,300-0412,現行,false,false,listed-in-official-directory,,,36.0036492,140.3103908,current-office-location,official-office-point,false,日本郵便の店舗地図に掲載された位置,https://www.post.japanpost.jp/enjoy/culture/stamp/fuke/detail.php?id=4209,assets/stamps/4209.jpg,2026-10-05
4233,office-0127,常陸太田栄町郵便局,常陸太田市,県北,茨城県常陸太田市栄町１２７−１,茨城県常陸太田市栄町127-1,茨城県常陸太田市栄町１２７−１,313-0005,現行,false,false,listed-in-official-directory,,,36.5470314,140.522655,current-office-location,official-office-point,false,日本郵便の店舗地図に掲載された位置,https://www.post.japanpost.jp/enjoy/culture/stamp/fuke/detail.php?id=4233,assets/stamps/4233.jpg,2026-10-05
4099,office-0128,水戸末広郵便局,水戸市,県央,茨城県水戸市末広町１−５−３８,茨城県水戸市末広町1-5-38,茨城県水戸市末広町１−５−３８,310-0053,現行,false,false,listed-in-official-directory,,,36.3880375,140.4553233,current-office-location,official-office-point,false,日本郵便の店舗地図に掲載された位置,https://www.post.japanpost.jp/enjoy/culture/stamp/fuke/detail.php?id=4099,assets/stamps/4099.jpg,2026-10-05
4965,office-0129,北茨城郵便局,北茨城市,県北,茨城県北茨城市磯原町磯原１−１２０,茨城県北茨城市磯原町磯原1-120,茨城県北茨城市磯原町磯原１−１２０,319-1599,現行,false,false,listed-in-official-directory,,,36.7924136,140.7414153,current-office-location,official-office-point,false,日本郵便の店舗地図に掲載された位置,https://www.post.japanpost.jp/enjoy/culture/stamp/fuke/detail.php?id=4965,assets/stamps/4965.jpg,2026-10-05
4969,office-0130,赤塚郵便局,水戸市,県央,茨城県水戸市赤塚２−２１２,茨城県水戸市赤塚2-212,茨城県水戸市赤塚２−２１２,311-4199,現行,false,false,listed-in-official-directory,,,36.3852778,140.4114511,current-office-location,official-office-point,false,日本郵便の店舗地図に掲載された位置,https://www.post.japanpost.jp/enjoy/culture/stamp/fuke/detail.php?id=4969,assets/stamps/4969.jpg,2026-10-05
4226,office-0131,町付郵便局,大子町,県北,茨城県久慈郡大子町町付１１８２−１,茨城県久慈郡大子町町付1182-1,茨城県久慈郡大子町町付１１８２−１,319-3799,現行,false,false,listed-in-official-directory,,,36.8397769,140.3557769,current-office-location,official-office-point,false,日本郵便の店舗地図に掲載された位置,https://www.post.japanpost.jp/enjoy/culture/stamp/fuke/detail.php?id=4226,assets/stamps/4226.jpg,2026-10-05
4941,office-0132,古河郵便局,古河市,県西,茨城県古河市桜町１−１０,茨城県古河市桜町1-10,茨城県古河市桜町１−１０,306-8799,現行,false,false,listed-in-official-directory,,,36.1923322,139.69979,current-office-location,official-office-point,false,日本郵便の店舗地図に掲載された位置,https://www.post.japanpost.jp/enjoy/culture/stamp/fuke/detail.php?id=4941,assets/stamps/4941.jpg,2026-10-05
4243,office-0133,美和郵便局,常陸大宮市,県北,茨城県常陸大宮市高部５２７１−１２,茨城県常陸大宮市高部5271-12,茨城県常陸大宮市高部５２７１−１２,319-2699,現行,false,false,listed-in-official-directory,,,36.6628142,140.2990658,current-office-location,official-office-point,false,日本郵便の店舗地図に掲載された位置,https://www.post.japanpost.jp/enjoy/culture/stamp/fuke/detail.php?id=4243,assets/stamps/4243.jpg,2026-10-05
4953,office-0134,筑波郵便局,つくば市,県南,茨城県つくば市北条４３４７−６,茨城県つくば市北条4347-6,茨城県つくば市北条４３４７−６,300-4299,現行,false,false,listed-in-official-directory,,,36.1759525,140.0930556,current-office-location,official-office-point,false,日本郵便の店舗地図に掲載された位置,https://www.post.japanpost.jp/enjoy/culture/stamp/fuke/detail.php?id=4953,assets/stamps/4953.jpg,2026-10-05
4176,office-0135,関城郵便局,筑西市,県西,茨城県筑西市関本分中１５０−４,茨城県筑西市関本分中150-4,茨城県筑西市関本分中１５０−４,308-0199,現行,false,false,listed-in-official-directory,,,36.2544083,139.9150942,current-office-location,official-office-point,false,日本郵便の店舗地図に掲載された位置,https://www.post.japanpost.jp/enjoy/culture/stamp/fuke/detail.php?id=4176,assets/stamps/4176.jpg,2026-10-05
4122,office-0136,福原郵便局,笠間市,県央,茨城県笠間市福原１３３０−６,茨城県笠間市福原1330-6,茨城県笠間市福原１３３０−６,309-1634,現行,false,false,listed-in-official-directory,,,36.3504947,140.1832322,current-office-location,official-office-point,false,日本郵便の店舗地図に掲載された位置,https://www.post.japanpost.jp/enjoy/culture/stamp/fuke/detail.php?id=4122,assets/stamps/4122.jpg,2026-10-05
4123,office-0137,笠間石井郵便局,笠間市,県央,茨城県笠間市石井１０９０,茨城県笠間市石井1090,茨城県笠間市石井１０９０,309-1613,現行,false,false,listed-in-official-directory,,,36.3878856,140.2424731,current-office-location,official-office-point,false,日本郵便の店舗地図に掲載された位置,https://www.post.japanpost.jp/enjoy/culture/stamp/fuke/detail.php?id=4123,assets/stamps/4123.jpg,2026-10-05
4124,office-0138,稲田郵便局,笠間市,県央,茨城県笠間市稲田２３２３−１,茨城県笠間市稲田2323-1,茨城県笠間市稲田２３２３−１,309-1635,現行,false,false,listed-in-official-directory,,,36.3685903,140.2138008,current-office-location,official-office-point,false,日本郵便の店舗地図に掲載された位置,https://www.post.japanpost.jp/enjoy/culture/stamp/fuke/detail.php?id=4124,assets/stamps/4124.jpg,2026-10-05
4126,office-0139,大池田郵便局,笠間市,県央,茨城県笠間市大橋２１８５−４,茨城県笠間市大橋2185-4,茨城県笠間市大橋２１８５−４,309-1601,現行,false,false,listed-in-official-directory,,,36.4180672,140.3141703,current-office-location,official-office-point,false,日本郵便の店舗地図に掲載された位置,https://www.post.japanpost.jp/enjoy/culture/stamp/fuke/detail.php?id=4126,assets/stamps/4126.jpg,2026-10-05
4127,office-0140,笠間駅前郵便局,笠間市,県央,茨城県笠間市笠間４３９９−４,茨城県笠間市笠間4399-4,茨城県笠間市笠間４３９９−４,309-1611,現行,false,false,listed-in-official-directory,,,36.3736097,140.246905,current-office-location,official-office-point,false,日本郵便の店舗地図に掲載された位置,https://www.post.japanpost.jp/enjoy/culture/stamp/fuke/detail.php?id=4127,assets/stamps/4127.jpg,2026-10-05
4131,office-0141,笠間大町郵便局,笠間市,県央,茨城県笠間市笠間１１５４−２,茨城県笠間市笠間1154-2,茨城県笠間市笠間１１５４−２,309-1611,現行,false,false,listed-in-official-directory,,,36.3883969,140.2568939,current-office-location,official-office-point,false,日本郵便の店舗地図に掲載された位置,https://www.post.japanpost.jp/enjoy/culture/stamp/fuke/detail.php?id=4131,assets/stamps/4131.jpg,2026-10-05
4939,office-0142,笠間郵便局,笠間市,県央,茨城県笠間市笠間１５９３−１１,茨城県笠間市笠間1593-11,茨城県笠間市笠間１５９３−１１,309-1699,現行,false,false,listed-in-official-directory,,,36.3822811,140.24918,current-office-location,official-office-point,false,日本郵便の店舗地図に掲載された位置,https://www.post.japanpost.jp/enjoy/culture/stamp/fuke/detail.php?id=4939,assets/stamps/4939.jpg,2026-10-05
4190,office-0143,猿島郵便局,坂東市,県西,茨城県坂東市沓掛４９９５−１,茨城県坂東市沓掛4995-1,茨城県坂東市沓掛４９９５−１,306-0515,現行,false,false,listed-in-official-directory,,,36.1006289,139.9013872,current-office-location,official-office-point,false,日本郵便の店舗地図に掲載された位置,https://www.post.japanpost.jp/enjoy/culture/stamp/fuke/detail.php?id=4190,assets/stamps/4190.jpg,2026-10-05
4144,office-0144,大生原郵便局,潮来市,鹿行,茨城県潮来市釜谷２５０−２,茨城県潮来市釜谷250-2,茨城県潮来市釜谷２５０−２,311-2403,現行,false,false,listed-in-official-directory,,,35.9929875,140.56557,current-office-location,official-office-point,false,日本郵便の店舗地図に掲載された位置,https://www.post.japanpost.jp/enjoy/culture/stamp/fuke/detail.php?id=4144,assets/stamps/4144.jpg,2026-10-05
4088,office-0145,水戸五軒町郵便局,水戸市,県央,茨城県水戸市五軒町1-1-10,茨城県水戸市五軒町1-1-10,,310-0063,2026-03-14 一時閉鎖,false,true,temporarily-closed,2026-03-14,,36.37912576,140.46704781,historical-office-location,gsi-named-office-point,false,一時閉鎖中。国土地理院の施設名検索で確認した旧局所在地,https://www.post.japanpost.jp/enjoy/culture/stamp/fuke/detail.php?id=4088,assets/stamps/4088.jpg,2026-10-05
4165,office-0146,紫尾郵便局,桜川市,県西,茨城県桜川市真壁町椎尾１２６１−１,茨城県桜川市真壁町椎尾1261-1,茨城県桜川市真壁町椎尾１２６１−１,300-4414,現行,false,false,listed-in-official-directory,,,36.2522522,140.0768236,current-office-location,official-office-point,false,日本郵便の店舗地図に掲載された位置,https://www.post.japanpost.jp/enjoy/culture/stamp/fuke/detail.php?id=4165,assets/stamps/4165.jpg,2026-10-05
4166,office-0147,真壁長岡郵便局,桜川市,県西,茨城県桜川市真壁町白井５５４−１０,茨城県桜川市真壁町白井554-10,茨城県桜川市真壁町白井５５４−１０,300-4404,現行,false,false,listed-in-official-directory,,,36.2870011,140.1065531,current-office-location,official-office-point,false,日本郵便の店舗地図に掲載された位置,https://www.post.japanpost.jp/enjoy/culture/stamp/fuke/detail.php?id=4166,assets/stamps/4166.jpg,2026-10-05
4115,office-0148,鯉淵郵便局,水戸市,県央,茨城県水戸市鯉淵町１１９２−３,茨城県水戸市鯉淵町1192-3,茨城県水戸市鯉淵町１１９２−３,319-0323,現行,false,false,listed-in-official-directory,,,36.3461628,140.37363,current-office-location,official-office-point,false,日本郵便の店舗地図に掲載された位置,https://www.post.japanpost.jp/enjoy/culture/stamp/fuke/detail.php?id=4115,assets/stamps/4115.jpg,2026-10-05
4188,office-0149,五霞郵便局,五霞町,県西,茨城県猿島郡五霞町元栗橋９６５−１,茨城県猿島郡五霞町元栗橋965-1,茨城県猿島郡五霞町元栗橋９６５−１,306-0399,現行,false,false,listed-in-official-directory,,,36.114365,139.7437947,current-office-location,official-office-point,false,日本郵便の店舗地図に掲載された位置,https://www.post.japanpost.jp/enjoy/culture/stamp/fuke/detail.php?id=4188,assets/stamps/4188.jpg,2026-10-05
4181,office-0150,菅生郵便局,常総市,県西,茨城県常総市菅生町１６８９−３,茨城県常総市菅生町1689-3,茨城県常総市菅生町１６８９−３,303-0044,現行,false,false,listed-in-official-directory,,,35.9952222,139.9350936,current-office-location,official-office-point,false,日本郵便の店舗地図に掲載された位置,https://www.post.japanpost.jp/enjoy/culture/stamp/fuke/detail.php?id=4181,assets/stamps/4181.jpg,2026-10-05
4193,office-0151,小絹郵便局,つくばみらい市,県南,茨城県つくばみらい市小絹１２１９−１,茨城県つくばみらい市小絹1219-1,茨城県つくばみらい市小絹１２１９−１,300-2445,現行,false,false,listed-in-official-directory,,,35.9845222,139.9778906,current-office-location,official-office-point,false,日本郵便の店舗地図に掲載された位置,https://www.post.japanpost.jp/enjoy/culture/stamp/fuke/detail.php?id=4193,assets/stamps/4193.jpg,2026-10-05
4196,office-0152,土浦都和郵便局,土浦市,県南,茨城県土浦市並木３−２−４８,茨城県土浦市並木3-2-48,茨城県土浦市並木３−２−４８,300-0061,現行,false,false,listed-in-official-directory,,,36.1093031,140.1888222,current-office-location,official-office-point,false,日本郵便の店舗地図に掲載された位置,https://www.post.japanpost.jp/enjoy/culture/stamp/fuke/detail.php?id=4196,assets/stamps/4196.jpg,2026-10-05
4189,office-0153,古河中田郵便局,古河市,県西,茨城県古河市中田１１７３−５,茨城県古河市中田1173-5,茨城県古河市中田１１７３−５,306-0053,現行,false,false,listed-in-official-directory,,,36.1513967,139.7117844,current-office-location,official-office-point,false,日本郵便の店舗地図に掲載された位置,https://www.post.japanpost.jp/enjoy/culture/stamp/fuke/detail.php?id=4189,assets/stamps/4189.jpg,2026-10-05
4163,office-0154,雨引郵便局,桜川市,県西,茨城県桜川市本木４４５−２,茨城県桜川市本木445-2,茨城県桜川市本木４４５−２,309-1231,現行,false,false,listed-in-official-directory,,,36.3269361,140.1071858,current-office-location,official-office-point,false,日本郵便の店舗地図に掲載された位置,https://www.post.japanpost.jp/enjoy/culture/stamp/fuke/detail.php?id=4163,assets/stamps/4163.jpg,2026-10-05
4164,office-0155,大国郵便局,桜川市,県西,茨城県桜川市大国玉６０１,茨城県桜川市大国玉601,茨城県桜川市大国玉６０１,309-1244,現行,false,false,listed-in-official-directory,,,36.3271492,140.0756517,current-office-location,official-office-point,false,日本郵便の店舗地図に掲載された位置,https://www.post.japanpost.jp/enjoy/culture/stamp/fuke/detail.php?id=4164,assets/stamps/4164.jpg,2026-10-05
4116,office-0156,国田郵便局,水戸市,県央,茨城県水戸市下国井町３１１−６,茨城県水戸市下国井町311-6,茨城県水戸市下国井町３１１−６,311-4205,現行,false,false,listed-in-official-directory,,,36.4201372,140.4357153,current-office-location,official-office-point,false,日本郵便の店舗地図に掲載された位置,https://www.post.japanpost.jp/enjoy/culture/stamp/fuke/detail.php?id=4116,assets/stamps/4116.jpg,2026-10-05
4200,office-0157,田伏郵便局,かすみがうら市,県南,茨城県かすみがうら市田伏１６３３−１,茨城県かすみがうら市田伏1633-1,茨城県かすみがうら市田伏１６３３−１,300-0299,現行,false,false,listed-in-official-directory,,,36.0867906,140.3830086,current-office-location,official-office-point,false,日本郵便の店舗地図に掲載された位置,https://www.post.japanpost.jp/enjoy/culture/stamp/fuke/detail.php?id=4200,assets/stamps/4200.jpg,2026-10-05
4134,office-0158,那珂向山郵便局,那珂市,県央,茨城県那珂市向山１２６９−１１,茨城県那珂市向山1269-11,茨城県那珂市向山１２６９−１１,311-0102,現行,false,false,listed-in-official-directory,,,36.4642772,140.5379533,current-office-location,official-office-point,false,日本郵便の店舗地図に掲載された位置,https://www.post.japanpost.jp/enjoy/culture/stamp/fuke/detail.php?id=4134,assets/stamps/4134.jpg,2026-10-05
4228,office-0159,大子袋田郵便局,大子町,県北,茨城県久慈郡大子町袋田１４８６−１,茨城県久慈郡大子町袋田1486-1,茨城県久慈郡大子町袋田１４８６−１,319-3523,現行,false,false,listed-in-official-directory,,,36.7583178,140.3834169,current-office-location,official-office-point,false,日本郵便の店舗地図に掲載された位置,https://www.post.japanpost.jp/enjoy/culture/stamp/fuke/detail.php?id=4228,assets/stamps/4228.jpg,2026-10-05
4159,office-0160,小桜郵便局,石岡市,県南,茨城県石岡市月岡４２９,茨城県石岡市月岡429,茨城県石岡市月岡４２９,315-0141,現行,false,false,listed-in-official-directory,,,36.2035378,140.1853619,current-office-location,official-office-point,false,日本郵便の店舗地図に掲載された位置,https://www.post.japanpost.jp/enjoy/culture/stamp/fuke/detail.php?id=4159,assets/stamps/4159.jpg,2026-10-05
4171,office-0161,下館折本郵便局,筑西市,県西,茨城県筑西市折本３２２−７５,茨城県筑西市折本322-75,茨城県筑西市折本３２２−７５,308-0007,現行,false,false,listed-in-official-directory,,,36.3394911,139.9721578,current-office-location,official-office-point,false,日本郵便の店舗地図に掲載された位置,https://www.post.japanpost.jp/enjoy/culture/stamp/fuke/detail.php?id=4171,assets/stamps/4171.jpg,2026-10-05
4214,office-0162,高萩上手綱郵便局,高萩市,県北,茨城県高萩市上手綱６４６−４,茨城県高萩市上手綱646-4,茨城県高萩市上手綱６４６−４,318-0004,現行,false,false,listed-in-official-directory,,,36.7370047,140.6930175,current-office-location,official-office-point,false,日本郵便の店舗地図に掲載された位置,https://www.post.japanpost.jp/enjoy/culture/stamp/fuke/detail.php?id=4214,assets/stamps/4214.jpg,2026-10-05
4234,office-0163,里美郵便局,常陸太田市,県北,茨城県常陸太田市小菅町５９６,茨城県常陸太田市小菅町596,茨城県常陸太田市小菅町５９６,311-0599,現行,false,false,listed-in-official-directory,,,36.7021133,140.5120711,current-office-location,official-office-point,false,日本郵便の店舗地図に掲載された位置,https://www.post.japanpost.jp/enjoy/culture/stamp/fuke/detail.php?id=4234,assets/stamps/4234.jpg,2026-10-05
4227,office-0164,上小川郵便局,大子町,県北,茨城県久慈郡大子町頃藤４９３４−１,茨城県久慈郡大子町頃藤4934-1,茨城県久慈郡大子町頃藤４９３４−１,319-3399,現行,false,false,listed-in-official-directory,,,36.7225161,140.3795733,current-office-location,official-office-point,false,日本郵便の店舗地図に掲載された位置,https://www.post.japanpost.jp/enjoy/culture/stamp/fuke/detail.php?id=4227,assets/stamps/4227.jpg,2026-10-05
4215,office-0165,大塚郵便局,北茨城市,県北,茨城県北茨城市磯原町大塚２３１３,茨城県北茨城市磯原町大塚2313,茨城県北茨城市磯原町大塚２３１３,319-1546,現行,false,false,listed-in-official-directory,,,36.8010119,140.7058636,current-office-location,official-office-point,false,日本郵便の店舗地図に掲載された位置,https://www.post.japanpost.jp/enjoy/culture/stamp/fuke/detail.php?id=4215,assets/stamps/4215.jpg,2026-10-05
4142,office-0166,牛堀郵便局,潮来市,鹿行,茨城県潮来市牛堀１２４,茨城県潮来市牛堀124,茨城県潮来市牛堀１２４,311-2436,現行,false,false,listed-in-official-directory,,,35.9569292,140.5177967,current-office-location,official-office-point,false,日本郵便の店舗地図に掲載された位置,https://www.post.japanpost.jp/enjoy/culture/stamp/fuke/detail.php?id=4142,assets/stamps/4142.jpg,2026-10-05
4232,office-0167,久米郵便局,常陸太田市,県北,茨城県常陸太田市久米町１５３６,茨城県常陸太田市久米町1536,茨城県常陸太田市久米町１５３６,313-0199,現行,false,false,listed-in-official-directory,,,36.5453439,140.4795281,current-office-location,official-office-point,false,日本郵便の店舗地図に掲載された位置,https://www.post.japanpost.jp/enjoy/culture/stamp/fuke/detail.php?id=4232,assets/stamps/4232.jpg,2026-10-05
4237,office-0168,金郷郵便局,常陸太田市,県北,茨城県常陸太田市高柿町１３７−２,茨城県常陸太田市高柿町137-2,茨城県常陸太田市高柿町１３７−２,313-0113,現行,false,false,listed-in-official-directory,,,36.5550247,140.464495,current-office-location,official-office-point,false,日本郵便の店舗地図に掲載された位置,https://www.post.japanpost.jp/enjoy/culture/stamp/fuke/detail.php?id=4237,assets/stamps/4237.jpg,2026-10-05
4157,office-0169,小幡郵便局,石岡市,県南,茨城県石岡市小幡６９５−３,茨城県石岡市小幡695-3,茨城県石岡市小幡６９５−３,315-0155,現行,false,false,listed-in-official-directory,,,36.2229847,140.1581819,current-office-location,official-office-point,false,日本郵便の店舗地図に掲載された位置,https://www.post.japanpost.jp/enjoy/culture/stamp/fuke/detail.php?id=4157,assets/stamps/4157.jpg,2026-10-05
4963,office-0170,多賀郵便局,日立市,県北,茨城県日立市多賀町１−１１−１０,茨城県日立市多賀町1-11-10,茨城県日立市多賀町１−１１−１０,316-8799,現行,false,false,listed-in-official-directory,,,36.554355,140.6318444,current-office-location,official-office-point,false,日本郵便の店舗地図に掲載された位置,https://www.post.japanpost.jp/enjoy/culture/stamp/fuke/detail.php?id=4963,assets/stamps/4963.jpg,2026-10-05
4146,office-0171,鹿島神宮前郵便局,鹿嶋市,鹿行,茨城県鹿嶋市城山４−２−８,茨城県鹿嶋市城山4-2-8,茨城県鹿嶋市城山４−２−８,314-0038,現行,false,false,listed-in-official-directory,,,35.9619203,140.6257419,current-office-location,official-office-point,false,日本郵便の店舗地図に掲載された位置,https://www.post.japanpost.jp/enjoy/culture/stamp/fuke/detail.php?id=4146,assets/stamps/4146.jpg,2026-10-05
4242,office-0172,山方郵便局,常陸大宮市,県北,茨城県常陸大宮市山方６６７−３,茨城県常陸大宮市山方667-3,茨城県常陸大宮市山方６６７−３,319-3199,現行,false,false,listed-in-official-directory,,,36.6317853,140.396205,current-office-location,official-office-point,false,日本郵便の店舗地図に掲載された位置,https://www.post.japanpost.jp/enjoy/culture/stamp/fuke/detail.php?id=4242,assets/stamps/4242.jpg,2026-10-05
4098,office-0173,水戸大工町郵便局,水戸市,県央,茨城県水戸市大工町３−１−２２−２,茨城県水戸市大工町3-1-22-2,茨城県水戸市大工町３−１−２２−２,310-0031,現行,false,false,listed-in-official-directory,,,36.3813308,140.4549589,current-office-location,official-office-point,false,日本郵便の店舗地図に掲載された位置,https://www.post.japanpost.jp/enjoy/culture/stamp/fuke/detail.php?id=4098,assets/stamps/4098.jpg,2026-10-05
4231,office-0174,松平郵便局,常陸太田市,県北,茨城県常陸太田市松平町２３２−５,茨城県常陸太田市松平町232-5,茨城県常陸太田市松平町２３２−５,313-0299,現行,false,false,listed-in-official-directory,,,36.5887892,140.4856447,current-office-location,official-office-point,false,日本郵便の店舗地図に掲載された位置,https://www.post.japanpost.jp/enjoy/culture/stamp/fuke/detail.php?id=4231,assets/stamps/4231.jpg,2026-10-05
4952,office-0175,大子郵便局,大子町,県北,茨城県久慈郡大子町大子６７６,茨城県久慈郡大子町大子676,茨城県久慈郡大子町大子６７６,319-3599,現行,false,false,listed-in-official-directory,,,36.7715647,140.3517406,current-office-location,official-office-point,false,日本郵便の店舗地図に掲載された位置,https://www.post.japanpost.jp/enjoy/culture/stamp/fuke/detail.php?id=4952,assets/stamps/4952.jpg,2026-10-05
4962,office-0176,牛久郵便局,牛久市,県南,茨城県牛久市中央３−５−２,茨城県牛久市中央3-5-2,茨城県牛久市中央３−５−２,300-1299,現行,false,false,listed-in-official-directory,,,35.9804125,140.1498525,current-office-location,official-office-point,false,日本郵便の店舗地図に掲載された位置,https://www.post.japanpost.jp/enjoy/culture/stamp/fuke/detail.php?id=4962,assets/stamps/4962.jpg,2026-10-05
4951,office-0177,茨城境郵便局,境町,県西,茨城県猿島郡境町９５−１２,茨城県猿島郡境町95-12,茨城県猿島郡境町９５−１２,306-0499,現行,false,false,listed-in-official-directory,,,36.1147022,139.7971494,current-office-location,official-office-point,false,日本郵便の店舗地図に掲載された位置,https://www.post.japanpost.jp/enjoy/culture/stamp/fuke/detail.php?id=4951,assets/stamps/4951.jpg,2026-10-05
4236,office-0178,水府郵便局,常陸太田市,県北,茨城県常陸太田市町田町２１５−１,茨城県常陸太田市町田町215-1,茨城県常陸太田市町田町２１５−１,313-0213,現行,false,false,listed-in-official-directory,,,36.6224547,140.4828842,current-office-location,official-office-point,false,日本郵便の店舗地図に掲載された位置,https://www.post.japanpost.jp/enjoy/culture/stamp/fuke/detail.php?id=4236,assets/stamps/4236.jpg,2026-10-05
4145,office-0179,荒井郵便局,鹿嶋市,鹿行,茨城県鹿嶋市浜津賀３０８−１,茨城県鹿嶋市浜津賀308-1,茨城県鹿嶋市浜津賀３０８−１,311-2203,現行,false,false,listed-in-official-directory,,,36.0600717,140.6179931,current-office-location,official-office-point,false,日本郵便の店舗地図に掲載された位置,https://www.post.japanpost.jp/enjoy/culture/stamp/fuke/detail.php?id=4145,assets/stamps/4145.jpg,2026-10-05
4194,office-0180,藤沢郵便局,土浦市,県南,茨城県土浦市藤沢１４４３,茨城県土浦市藤沢1443,茨城県土浦市藤沢１４４３,300-4115,現行,false,false,listed-in-official-directory,,,36.1259725,140.1535986,current-office-location,official-office-point,false,日本郵便の店舗地図に掲載された位置,https://www.post.japanpost.jp/enjoy/culture/stamp/fuke/detail.php?id=4194,assets/stamps/4194.jpg,2026-10-05
4197,office-0181,山ノ荘郵便局,土浦市,県南,茨城県土浦市永井６８６−１,茨城県土浦市永井686-1,茨城県土浦市永井６８６−１,300-4101,現行,false,false,listed-in-official-directory,,,36.1512486,140.1855389,current-office-location,official-office-point,false,日本郵便の店舗地図に掲載された位置,https://www.post.japanpost.jp/enjoy/culture/stamp/fuke/detail.php?id=4197,assets/stamps/4197.jpg,2026-10-05
4217,office-0182,高萩島名郵便局,高萩市,県北,茨城県高萩市島名２２５３−１２２,茨城県高萩市島名2253-122,茨城県高萩市島名２２５３−１２２,318-0023,現行,false,false,listed-in-official-directory,,,36.7157044,140.6903258,current-office-location,official-office-point,false,日本郵便の店舗地図に掲載された位置,https://www.post.japanpost.jp/enjoy/culture/stamp/fuke/detail.php?id=4217,assets/stamps/4217.jpg,2026-10-05
4230,office-0183,大中郵便局,常陸太田市,県北,茨城県常陸太田市大中町１６４９−２,茨城県常陸太田市大中町1649-2,茨城県常陸太田市大中町１６４９−２,311-0505,現行,false,false,listed-in-official-directory,,,36.7325619,140.4907083,current-office-location,official-office-point,false,日本郵便の店舗地図に掲載された位置,https://www.post.japanpost.jp/enjoy/culture/stamp/fuke/detail.php?id=4230,assets/stamps/4230.jpg,2026-10-05
4240,office-0184,大宮郵便局,常陸大宮市,県北,茨城県常陸大宮市東富町６３０,茨城県常陸大宮市東富町630,茨城県常陸大宮市東富町６３０,319-2299,現行,false,false,listed-in-official-directory,,,36.5569472,140.4084894,current-office-location,official-office-point,false,日本郵便の店舗地図に掲載された位置,https://www.post.japanpost.jp/enjoy/culture/stamp/fuke/detail.php?id=4240,assets/stamps/4240.jpg,2026-10-05
4173,office-0185,下館横島郵便局,筑西市,県西,茨城県筑西市横島２２７,茨城県筑西市横島227,茨城県筑西市横島２２７,308-0802,現行,false,false,listed-in-official-directory,,,36.3155481,139.9931142,current-office-location,official-office-point,false,日本郵便の店舗地図に掲載された位置,https://www.post.japanpost.jp/enjoy/culture/stamp/fuke/detail.php?id=4173,assets/stamps/4173.jpg,2026-10-05
4172,office-0186,下館西方郵便局,筑西市,県西,茨城県筑西市西方１６９９−１,茨城県筑西市西方1699-1,茨城県筑西市西方１６９９−１,308-0845,現行,false,false,listed-in-official-directory,,,36.2851036,139.9553544,current-office-location,official-office-point,false,日本郵便の店舗地図に掲載された位置,https://www.post.japanpost.jp/enjoy/culture/stamp/fuke/detail.php?id=4172,assets/stamps/4172.jpg,2026-10-05
4169,office-0187,五所郵便局,筑西市,県西,茨城県筑西市五所宮３９５−２,茨城県筑西市五所宮395-2,茨城県筑西市五所宮３９５−２,308-0866,現行,false,false,listed-in-official-directory,,,36.3329775,139.9446514,current-office-location,official-office-point,false,日本郵便の店舗地図に掲載された位置,https://www.post.japanpost.jp/enjoy/culture/stamp/fuke/detail.php?id=4169,assets/stamps/4169.jpg,2026-10-05
4167,office-0188,川島郵便局,筑西市,県西,茨城県筑西市伊佐山１６０,茨城県筑西市伊佐山160,茨城県筑西市伊佐山１６０,308-0856,現行,false,false,listed-in-official-directory,,,36.2957586,139.914135,current-office-location,official-office-point,false,日本郵便の店舗地図に掲載された位置,https://www.post.japanpost.jp/enjoy/culture/stamp/fuke/detail.php?id=4167,assets/stamps/4167.jpg,2026-10-05
4168,office-0189,下館駅前郵便局,筑西市,県西,茨城県筑西市丙２１０,茨城県筑西市丙210,茨城県筑西市丙２１０,308-0031,現行,false,false,listed-in-official-directory,,,36.3061042,139.9789128,current-office-location,official-office-point,false,日本郵便の店舗地図に掲載された位置,https://www.post.japanpost.jp/enjoy/culture/stamp/fuke/detail.php?id=4168,assets/stamps/4168.jpg,2026-10-05
4219,office-0190,大津西町郵便局,北茨城市,県北,茨城県北茨城市大津町２６３１,茨城県北茨城市大津町2631,茨城県北茨城市大津町２６３１,319-1702,現行,false,false,listed-in-official-directory,,,36.8318711,140.7858478,current-office-location,official-office-point,false,日本郵便の店舗地図に掲載された位置,https://www.post.japanpost.jp/enjoy/culture/stamp/fuke/detail.php?id=4219,assets/stamps/4219.jpg,2026-10-05
4238,office-0191,高倉郵便局,常陸太田市,県北,茨城県常陸太田市下高倉町５８,茨城県常陸太田市下高倉町58,茨城県常陸太田市下高倉町５８,313-0352,現行,false,false,listed-in-official-directory,,,36.7099278,140.4651275,current-office-location,official-office-point,false,日本郵便の店舗地図に掲載された位置,https://www.post.japanpost.jp/enjoy/culture/stamp/fuke/detail.php?id=4238,assets/stamps/4238.jpg,2026-10-05
4174,office-0192,下館大町郵便局,筑西市,県西,茨城県筑西市甲１０７,茨城県筑西市甲107,茨城県筑西市甲１０７,308-0021,現行,false,false,listed-in-official-directory,,,36.3101653,139.9770794,current-office-location,official-office-point,false,日本郵便の店舗地図に掲載された位置,https://www.post.japanpost.jp/enjoy/culture/stamp/fuke/detail.php?id=4174,assets/stamps/4174.jpg,2026-10-05
4223,office-0193,日立宮田郵便局,日立市,県北,茨城県日立市宮田町３−６−１２,茨城県日立市宮田町3-6-12,茨城県日立市宮田町３−６−１２,317-0055,現行,false,false,listed-in-official-directory,,,36.6061383,140.6550461,current-office-location,official-office-point,false,日本郵便の店舗地図に掲載された位置,https://www.post.japanpost.jp/enjoy/culture/stamp/fuke/detail.php?id=4223,assets/stamps/4223.jpg,2026-10-05
4132,office-0194,瓜連郵便局,那珂市,県央,茨城県那珂市瓜連３２１（那珂市役所瓜連支所内）,茨城県那珂市瓜連321,茨城県那珂市瓜連３２１（那珂市役所瓜連支所内）,319-2102,現行,false,false,listed-in-official-directory,,,36.4995225,140.4435908,current-office-location,official-office-point,false,日本郵便の店舗地図に掲載された位置,https://www.post.japanpost.jp/enjoy/culture/stamp/fuke/detail.php?id=4132,assets/stamps/4132.jpg,2026-10-05
4222,office-0195,中里郵便局,日立市,県北,茨城県日立市下深荻町１９０２,茨城県日立市下深荻町1902,茨城県日立市下深荻町１９０２,311-0499,現行,false,false,listed-in-official-directory,,,36.6347303,140.5414128,current-office-location,official-office-point,false,日本郵便の店舗地図に掲載された位置,https://www.post.japanpost.jp/enjoy/culture/stamp/fuke/detail.php?id=4222,assets/stamps/4222.jpg,2026-10-05
4973,office-0196,筑波学園郵便局,つくば市,県南,茨城県つくば市吾妻１−１３−２,茨城県つくば市吾妻1-13-2,茨城県つくば市吾妻１−１３−２,305-8799,現行,false,false,listed-in-official-directory,,,36.0828328,140.1157556,current-office-location,official-office-point,false,日本郵便の店舗地図に掲載された位置,https://www.post.japanpost.jp/enjoy/culture/stamp/fuke/detail.php?id=4973,assets/stamps/4973.jpg,2026-10-05
4192,office-0197,伊奈郵便局,つくばみらい市,県南,茨城県つくばみらい市板橋２７８８,茨城県つくばみらい市板橋2788,茨城県つくばみらい市板橋２７８８,300-2399,現行,false,false,listed-in-official-directory,,,35.9808908,140.0581019,current-office-location,official-office-point,false,日本郵便の店舗地図に掲載された位置,https://www.post.japanpost.jp/enjoy/culture/stamp/fuke/detail.php?id=4192,assets/stamps/4192.jpg,2026-10-05
4133,office-0198,原研前郵便局,東海村,県央,茨城県那珂郡東海村村松２２９−１０,茨城県那珂郡東海村村松229-10,茨城県那珂郡東海村村松２２９−１０,319-1112,現行,false,false,listed-in-official-directory,,,36.4597656,140.5964386,current-office-location,official-office-point,false,日本郵便の店舗地図に掲載された位置,https://www.post.japanpost.jp/enjoy/culture/stamp/fuke/detail.php?id=4133,assets/stamps/4133.jpg,2026-10-05
4972,office-0199,神栖郵便局,神栖市,鹿行,茨城県神栖市溝口４９９１,茨城県神栖市溝口4991,茨城県神栖市溝口４９９１,314-0199,現行,false,false,listed-in-official-directory,,,35.8894144,140.6649,current-office-location,official-office-point,false,日本郵便の店舗地図に掲載された位置,https://www.post.japanpost.jp/enjoy/culture/stamp/fuke/detail.php?id=4972,assets/stamps/4972.jpg,2026-10-05
4942,office-0200,水海道郵便局,常総市,県西,茨城県常総市水海道諏訪町３２２０−２,茨城県常総市水海道諏訪町3220-2,茨城県常総市水海道諏訪町３２２０−２,303-8799,現行,false,false,listed-in-official-directory,,,36.0243208,139.9945464,current-office-location,official-office-point,false,日本郵便の店舗地図に掲載された位置,https://www.post.japanpost.jp/enjoy/culture/stamp/fuke/detail.php?id=4942,assets/stamps/4942.jpg,2026-10-05
4211,office-0201,大津郵便局,北茨城市,県北,茨城県北茨城市大津町北町３０９８,茨城県北茨城市大津町北町3098,茨城県北茨城市大津町北町３０９８,319-1799,現行,false,false,listed-in-official-directory,,,36.8432086,140.7818931,current-office-location,official-office-point,false,日本郵便の店舗地図に掲載された位置,https://www.post.japanpost.jp/enjoy/culture/stamp/fuke/detail.php?id=4211,assets/stamps/4211.jpg,2026-10-05
4948,office-0202,高萩郵便局,高萩市,県北,茨城県高萩市高萩１９２９−１６,茨城県高萩市高萩1929-16,茨城県高萩市高萩１９２９−１６,318-8799,現行,false,false,listed-in-official-directory,,,36.7132631,140.7164356,current-office-location,official-office-point,false,日本郵便の店舗地図に掲載された位置,https://www.post.japanpost.jp/enjoy/culture/stamp/fuke/detail.php?id=4948,assets/stamps/4948.jpg,2026-10-05
4235,office-0203,金砂郵便局,常陸太田市,県北,茨城県常陸太田市下宮河内町８１２−５,茨城県常陸太田市下宮河内町812-5,茨城県常陸太田市下宮河内町８１２−５,313-0103,現行,false,false,listed-in-official-directory,,,36.614085,140.4411233,current-office-location,official-office-point,false,日本郵便の店舗地図に掲載された位置,https://www.post.japanpost.jp/enjoy/culture/stamp/fuke/detail.php?id=4235,assets/stamps/4235.jpg,2026-10-05
4957,office-0204,岩井郵便局,坂東市,県西,茨城県坂東市岩井４６３５−２,茨城県坂東市岩井4635-2,茨城県坂東市岩井４６３５−２,306-0699,現行,false,false,listed-in-official-directory,,,36.0471183,139.8865436,current-office-location,official-office-point,false,日本郵便の店舗地図に掲載された位置,https://www.post.japanpost.jp/enjoy/culture/stamp/fuke/detail.php?id=4957,assets/stamps/4957.jpg,2026-10-05
4949,office-0205,取手郵便局,取手市,県南,茨城県取手市西２−３７−１,茨城県取手市西2-37-1,茨城県取手市西２−３７−１,302-8799,現行,false,false,listed-in-official-directory,,,35.9082689,140.0511917,current-office-location,official-office-point,false,日本郵便の店舗地図に掲載された位置,https://www.post.japanpost.jp/enjoy/culture/stamp/fuke/detail.php?id=4949,assets/stamps/4949.jpg,2026-10-05
4938,office-0206,土浦郵便局,土浦市,県南,茨城県土浦市城北町２−２１,茨城県土浦市城北町2-21,茨城県土浦市城北町２−２１,300-8799,現行,false,false,listed-in-official-directory,,,36.0850675,140.2052253,current-office-location,official-office-point,false,日本郵便の店舗地図に掲載された位置,https://www.post.japanpost.jp/enjoy/culture/stamp/fuke/detail.php?id=4938,assets/stamps/4938.jpg,2026-10-05
4950,office-0207,潮来郵便局,潮来市,鹿行,茨城県潮来市潮来１０３−３,茨城県潮来市潮来103-3,茨城県潮来市潮来１０３−３,311-2499,現行,false,false,listed-in-official-directory,,,35.9388528,140.5412767,current-office-location,official-office-point,false,日本郵便の店舗地図に掲載された位置,https://www.post.japanpost.jp/enjoy/culture/stamp/fuke/detail.php?id=4950,assets/stamps/4950.jpg,2026-10-05
4966,office-0208,茨城郵便局,茨城町,県央,茨城県東茨城郡茨城町小堤１０２１−１,茨城県東茨城郡茨城町小堤1021-1,茨城県東茨城郡茨城町小堤１０２１−１,311-3199,現行,false,false,listed-in-official-directory,,,36.2859858,140.4237008,current-office-location,official-office-point,false,日本郵便の店舗地図に掲載された位置,https://www.post.japanpost.jp/enjoy/culture/stamp/fuke/detail.php?id=4966,assets/stamps/4966.jpg,2026-10-05
4947,office-0209,鉾田郵便局,鉾田市,鹿行,茨城県鉾田市鉾田１１１−５,茨城県鉾田市鉾田111-5,茨城県鉾田市鉾田１１１−５,311-1599,現行,false,false,listed-in-official-directory,,,36.1580019,140.5118442,current-office-location,official-office-point,false,日本郵便の店舗地図に掲載された位置,https://www.post.japanpost.jp/enjoy/culture/stamp/fuke/detail.php?id=4947,assets/stamps/4947.jpg,2026-10-05
4244,office-0210,御前山郵便局,常陸大宮市,県北,茨城県常陸大宮市長倉１０３２,茨城県常陸大宮市長倉1032,茨城県常陸大宮市長倉１０３２,311-4613,現行,false,false,listed-in-official-directory,,,36.5681628,140.2767303,current-office-location,official-office-point,false,日本郵便の店舗地図に掲載された位置,https://www.post.japanpost.jp/enjoy/culture/stamp/fuke/detail.php?id=4244,assets/stamps/4244.jpg,2026-10-05
4245,office-0211,野口郵便局,常陸大宮市,県北,茨城県常陸大宮市野口２０９３−３,茨城県常陸大宮市野口2093-3,茨城県常陸大宮市野口２０９３−３,311-4599,現行,false,false,listed-in-official-directory,,,36.5515992,140.324935,current-office-location,official-office-point,false,日本郵便の店舗地図に掲載された位置,https://www.post.japanpost.jp/enjoy/culture/stamp/fuke/detail.php?id=4245,assets/stamps/4245.jpg,2026-10-05
4087,office-0212,水戸下市郵便局,水戸市,県央,茨城県水戸市紺屋町１３８６−４,茨城県水戸市紺屋町1386-4,茨城県水戸市紺屋町１３８６−４,310-0816,現行,false,false,listed-in-official-directory,,,36.3630344,140.4888933,current-office-location,official-office-point,false,日本郵便の店舗地図に掲載された位置,https://www.post.japanpost.jp/enjoy/culture/stamp/fuke/detail.php?id=4087,assets/stamps/4087.jpg,2026-10-05
4207,office-0213,筑波山郵便局,つくば市,県南,茨城県つくば市筑波８０２,茨城県つくば市筑波802,茨城県つくば市筑波８０２,300-4352,現行,false,false,listed-in-official-directory,,,36.2111533,140.0994611,current-office-location,official-office-point,false,日本郵便の店舗地図に掲載された位置,https://www.post.japanpost.jp/enjoy/culture/stamp/fuke/detail.php?id=4207,assets/stamps/4207.jpg,2026-10-05
4220,office-0214,川尻郵便局,日立市,県北,茨城県日立市川尻町１−３８−１４,茨城県日立市川尻町1-38-14,茨城県日立市川尻町１−３８−１４,319-1411,現行,false,false,listed-in-official-directory,,,36.6534225,140.6960053,current-office-location,official-office-point,false,日本郵便の店舗地図に掲載された位置,https://www.post.japanpost.jp/enjoy/culture/stamp/fuke/detail.php?id=4220,assets/stamps/4220.jpg,2026-10-05
4221,office-0215,十王郵便局,日立市,県北,茨城県日立市十王町友部１２９−８,茨城県日立市十王町友部129-8,茨城県日立市十王町友部１２９−８,319-1399,現行,false,false,listed-in-official-directory,,,36.671495,140.6841975,current-office-location,official-office-point,false,日本郵便の店舗地図に掲載された位置,https://www.post.japanpost.jp/enjoy/culture/stamp/fuke/detail.php?id=4221,assets/stamps/4221.jpg,2026-10-05
4937,office-0216,下館郵便局,筑西市,県西,茨城県筑西市乙１００８,茨城県筑西市乙1008,茨城県筑西市乙１００８,308-8799,現行,false,false,listed-in-official-directory,,,36.3024108,139.9786214,current-office-location,official-office-point,false,日本郵便の店舗地図に掲載された位置,https://www.post.japanpost.jp/enjoy/culture/stamp/fuke/detail.php?id=4937,assets/stamps/4937.jpg,2026-10-05
4940,office-0217,常陸太田郵便局,常陸太田市,県北,茨城県常陸太田市宮本町２３５２,茨城県常陸太田市宮本町2352,茨城県常陸太田市宮本町２３５２,313-8799,現行,false,false,listed-in-official-directory,,,36.5422519,140.5223581,current-office-location,official-office-point,false,日本郵便の店舗地図に掲載された位置,https://www.post.japanpost.jp/enjoy/culture/stamp/fuke/detail.php?id=4940,assets/stamps/4940.jpg,2026-10-05
4943,office-0218,結城郵便局,結城市,県西,茨城県結城市結城７１９５−２,茨城県結城市結城7195-2,茨城県結城市結城７１９５−２,307-8799,現行,false,false,listed-in-official-directory,,,36.298825,139.8746492,current-office-location,official-office-point,false,日本郵便の店舗地図に掲載された位置,https://www.post.japanpost.jp/enjoy/culture/stamp/fuke/detail.php?id=4943,assets/stamps/4943.jpg,2026-10-05
4944,office-0219,石岡郵便局,石岡市,県南,茨城県石岡市府中１−７−２８,茨城県石岡市府中1-7-28,茨城県石岡市府中１−７−２８,315-8799,現行,false,false,listed-in-official-directory,,,36.1926439,140.2782106,current-office-location,official-office-point,false,日本郵便の店舗地図に掲載された位置,https://www.post.japanpost.jp/enjoy/culture/stamp/fuke/detail.php?id=4944,assets/stamps/4944.jpg,2026-10-05
